,GENBANK_REFERENCE,CATALOGUE_NAME,CATALOGUE_VERSION,CATALOGUE_GRAMMAR,PREDICTION_VALUES,DRUG,MUTATION,PREDICTION,SOURCE,EVIDENCE,OTHER
0,NC_000962.2,LID2015A,v1.0,GARC1,RUS,AMI,gidB@202_indel,U,{},{},{}
1,NC_000962.2,LID2015A,v1.0,GARC1,RUS,AMI,gidB@215_indel,S,{},{},{}
2,NC_000962.2,LID2015A,v1.0,GARC1,RUS,AMI,gidB@486_indel,S,{},{},{}
3,NC_000962.2,LID2015A,v1.0,GARC1,RUS,AMI,gidB@A10P,S,{},{},{}
4,NC_000962.2,LID2015A,v1.0,GARC1,RUS,AMI,gidB@A133G,S,{},{},{}
5,NC_000962.2,LID2015A,v1.0,GARC1,RUS,AMI,gidB@A134E,S,{},{},{}
6,NC_000962.2,LID2015A,v1.0,GARC1,RUS,AMI,gidB@A27P,S,{},{},{}
7,NC_000962.2,LID2015A,v1.0,GARC1,RUS,AMI,gidB@A80P,S,{},{},{}
8,NC_000962.2,LID2015A,v1.0,GARC1,RUS,AMI,gidB@A8V,S,{},{},{}
9,NC_000962.2,LID2015A,v1.0,GARC1,RUS,AMI,gidB@E113!,S,{},{},{}
10,NC_000962.2,LID2015A,v1.0,GARC1,RUS,AMI,gidB@G117R,S,{},{},{}
11,NC_000962.2,LID2015A,v1.0,GARC1,RUS,AMI,gidB@G69D,S,{},{},{}
12,NC_000962.2,LID2015A,v1.0,GARC1,RUS,AMI,gidB@H48N,S,{},{},{}
13,NC_000962.2,LID2015A,v1.0,GARC1,RUS,AMI,gidB@L108P,U,{},{},{}
14,NC_000962.2,LID2015A,v1.0,GARC1,RUS,AMI,gidB@L79S,S,{},{},{}
15,NC_000962.2,LID2015A,v1.0,GARC1,RUS,AMI,gidB@L79W,S,{},{},{}
16,NC_000962.2,LID2015A,v1.0,GARC1,RUS,AMI,gidB@P75L,S,{},{},{}
17,NC_000962.2,LID2015A,v1.0,GARC1,RUS,AMI,gidB@P75S,S,{},{},{}
18,NC_000962.2,LID2015A,v1.0,GARC1,RUS,AMI,gidB@P78R,S,{},{},{}
19,NC_000962.2,LID2015A,v1.0,GARC1,RUS,AMI,gidB@R47W,S,{},{},{}
20,NC_000962.2,LID2015A,v1.0,GARC1,RUS,AMI,gidB@S70R,S,{},{},{}
21,NC_000962.2,LID2015A,v1.0,GARC1,RUS,AMI,gidB@V124G,S,{},{},{}
22,NC_000962.2,LID2015A,v1.0,GARC1,RUS,AMI,gidB@V139L,S,{},{},{}
23,NC_000962.2,LID2015A,v1.0,GARC1,RUS,AMI,gidB@V77A,S,{},{},{}
24,NC_000962.2,LID2015A,v1.0,GARC1,RUS,AMI,gidB@V77G,S,{},{},{}
25,NC_000962.2,LID2015A,v1.0,GARC1,RUS,AMI,gidB@Y195H,S,{},{},{}
26,NC_000962.2,LID2015A,v1.0,GARC1,RUS,AMI,gidB@g-73a,S,{},{},{}
27,NC_000962.2,LID2015A,v1.0,GARC1,RUS,AMI,rrs@a1401g,R,{},{},{}
28,NC_000962.2,LID2015A,v1.0,GARC1,RUS,AMI,rrs@a514c,U,{},{},{}
29,NC_000962.2,LID2015A,v1.0,GARC1,RUS,AMI,rrs@a906g,S,{},{},{}
30,NC_000962.2,LID2015A,v1.0,GARC1,RUS,AMI,rrs@c-69a,S,{},{},{}
31,NC_000962.2,LID2015A,v1.0,GARC1,RUS,AMI,rrs@c517t,S,{},{},{}
32,NC_000962.2,LID2015A,v1.0,GARC1,RUS,AMI,rrs@c905a,S,{},{},{}
33,NC_000962.2,LID2015A,v1.0,GARC1,RUS,AMI,rrs@g1379a,S,{},{},{}
34,NC_000962.2,LID2015A,v1.0,GARC1,RUS,AMI,rrs@t-4g,S,{},{},{}
35,NC_000962.2,LID2015A,v1.0,GARC1,RUS,AMI,rrs@t200a,S,{},{},{}
36,NC_000962.2,LID2015A,v1.0,GARC1,RUS,AMI,tlyA@H68R,S,{},{},{}
37,NC_000962.2,LID2015A,v1.0,GARC1,RUS,AMI,tlyA@S156A,S,{},{},{}
38,NC_000962.2,LID2015A,v1.0,GARC1,RUS,AMI,tlyA@c-83t,S,{},{},{}
39,NC_000962.2,LID2015A,v1.0,GARC1,RUS,CAP,gidB@202_indel,U,{},{},{}
40,NC_000962.2,LID2015A,v1.0,GARC1,RUS,CAP,gidB@215_indel,S,{},{},{}
41,NC_000962.2,LID2015A,v1.0,GARC1,RUS,CAP,gidB@486_indel,S,{},{},{}
42,NC_000962.2,LID2015A,v1.0,GARC1,RUS,CAP,gidB@A10P,S,{},{},{}
43,NC_000962.2,LID2015A,v1.0,GARC1,RUS,CAP,gidB@A133G,S,{},{},{}
44,NC_000962.2,LID2015A,v1.0,GARC1,RUS,CAP,gidB@A134E,S,{},{},{}
45,NC_000962.2,LID2015A,v1.0,GARC1,RUS,CAP,gidB@A27P,S,{},{},{}
46,NC_000962.2,LID2015A,v1.0,GARC1,RUS,CAP,gidB@A80P,S,{},{},{}
47,NC_000962.2,LID2015A,v1.0,GARC1,RUS,CAP,gidB@A8V,S,{},{},{}
48,NC_000962.2,LID2015A,v1.0,GARC1,RUS,CAP,gidB@E113!,S,{},{},{}
49,NC_000962.2,LID2015A,v1.0,GARC1,RUS,CAP,gidB@G117R,S,{},{},{}
50,NC_000962.2,LID2015A,v1.0,GARC1,RUS,CAP,gidB@G69D,S,{},{},{}
51,NC_000962.2,LID2015A,v1.0,GARC1,RUS,CAP,gidB@H48N,S,{},{},{}
52,NC_000962.2,LID2015A,v1.0,GARC1,RUS,CAP,gidB@L108P,U,{},{},{}
53,NC_000962.2,LID2015A,v1.0,GARC1,RUS,CAP,gidB@L79S,S,{},{},{}
54,NC_000962.2,LID2015A,v1.0,GARC1,RUS,CAP,gidB@L79W,S,{},{},{}
55,NC_000962.2,LID2015A,v1.0,GARC1,RUS,CAP,gidB@P75L,S,{},{},{}
56,NC_000962.2,LID2015A,v1.0,GARC1,RUS,CAP,gidB@P75S,S,{},{},{}
57,NC_000962.2,LID2015A,v1.0,GARC1,RUS,CAP,gidB@P78R,S,{},{},{}
58,NC_000962.2,LID2015A,v1.0,GARC1,RUS,CAP,gidB@R47W,S,{},{},{}
59,NC_000962.2,LID2015A,v1.0,GARC1,RUS,CAP,gidB@V124G,S,{},{},{}
60,NC_000962.2,LID2015A,v1.0,GARC1,RUS,CAP,gidB@V139L,S,{},{},{}
61,NC_000962.2,LID2015A,v1.0,GARC1,RUS,CAP,gidB@V77A,S,{},{},{}
62,NC_000962.2,LID2015A,v1.0,GARC1,RUS,CAP,gidB@V77G,S,{},{},{}
63,NC_000962.2,LID2015A,v1.0,GARC1,RUS,CAP,gidB@Y195H,S,{},{},{}
64,NC_000962.2,LID2015A,v1.0,GARC1,RUS,CAP,gidB@g-73a,S,{},{},{}
65,NC_000962.2,LID2015A,v1.0,GARC1,RUS,CAP,rrs@a1401g,R,{},{},{}
66,NC_000962.2,LID2015A,v1.0,GARC1,RUS,CAP,rrs@a514c,U,{},{},{}
67,NC_000962.2,LID2015A,v1.0,GARC1,RUS,CAP,rrs@a906g,S,{},{},{}
68,NC_000962.2,LID2015A,v1.0,GARC1,RUS,CAP,rrs@c-69a,S,{},{},{}
69,NC_000962.2,LID2015A,v1.0,GARC1,RUS,CAP,rrs@c517t,S,{},{},{}
70,NC_000962.2,LID2015A,v1.0,GARC1,RUS,CAP,rrs@c905a,S,{},{},{}
71,NC_000962.2,LID2015A,v1.0,GARC1,RUS,CAP,rrs@g1379a,S,{},{},{}
72,NC_000962.2,LID2015A,v1.0,GARC1,RUS,CAP,rrs@t-4g,S,{},{},{}
73,NC_000962.2,LID2015A,v1.0,GARC1,RUS,CAP,rrs@t200a,S,{},{},{}
74,NC_000962.2,LID2015A,v1.0,GARC1,RUS,CAP,tlyA@H68R,S,{},{},{}
75,NC_000962.2,LID2015A,v1.0,GARC1,RUS,CAP,tlyA@S156A,S,{},{},{}
76,NC_000962.2,LID2015A,v1.0,GARC1,RUS,CAP,tlyA@c-83t,R,{},{},{}
77,NC_000962.2,LID2015A,v1.0,GARC1,RUS,CIP,gyrA@A456G,S,{},{},{}
78,NC_000962.2,LID2015A,v1.0,GARC1,RUS,CIP,gyrA@A456V,S,{},{},{}
79,NC_000962.2,LID2015A,v1.0,GARC1,RUS,CIP,gyrA@A463S,S,{},{},{}
80,NC_000962.2,LID2015A,v1.0,GARC1,RUS,CIP,gyrA@A74S,R,{},{},{}
81,NC_000962.2,LID2015A,v1.0,GARC1,RUS,CIP,gyrA@A90G,S,{},{},{}
82,NC_000962.2,LID2015A,v1.0,GARC1,RUS,CIP,gyrA@A90V,U,{},{},{}
83,NC_000962.2,LID2015A,v1.0,GARC1,RUS,CIP,gyrA@D641E,U,{},{},{}
84,NC_000962.2,LID2015A,v1.0,GARC1,RUS,CIP,gyrA@D94G,R,{},{},{}
85,NC_000962.2,LID2015A,v1.0,GARC1,RUS,CIP,gyrA@D94H,S,{},{},{}
86,NC_000962.2,LID2015A,v1.0,GARC1,RUS,CIP,gyrA@E214D,S,{},{},{}
87,NC_000962.2,LID2015A,v1.0,GARC1,RUS,CIP,gyrA@E605K,S,{},{},{}
88,NC_000962.2,LID2015A,v1.0,GARC1,RUS,CIP,gyrA@G239D,S,{},{},{}
89,NC_000962.2,LID2015A,v1.0,GARC1,RUS,CIP,gyrA@L296P,S,{},{},{}
90,NC_000962.2,LID2015A,v1.0,GARC1,RUS,CIP,gyrA@M220R,U,{},{},{}
91,NC_000962.2,LID2015A,v1.0,GARC1,RUS,CIP,gyrA@M438I,S,{},{},{}
92,NC_000962.2,LID2015A,v1.0,GARC1,RUS,CIP,gyrA@N193S,S,{},{},{}
93,NC_000962.2,LID2015A,v1.0,GARC1,RUS,CIP,gyrA@R607H,S,{},{},{}
94,NC_000962.2,LID2015A,v1.0,GARC1,RUS,CIP,gyrA@S250A,S,{},{},{}
95,NC_000962.2,LID2015A,v1.0,GARC1,RUS,CIP,gyrA@S91P,R,{},{},{}
96,NC_000962.2,LID2015A,v1.0,GARC1,RUS,CIP,gyrA@V663A,S,{},{},{}
97,NC_000962.2,LID2015A,v1.0,GARC1,RUS,CIP,gyrA@c-34t,S,{},{},{}
98,NC_000962.2,LID2015A,v1.0,GARC1,RUS,CIP,gyrB@A117D,S,{},{},{}
99,NC_000962.2,LID2015A,v1.0,GARC1,RUS,CIP,gyrB@A276V,S,{},{},{}
100,NC_000962.2,LID2015A,v1.0,GARC1,RUS,CIP,gyrB@A683D,S,{},{},{}
101,NC_000962.2,LID2015A,v1.0,GARC1,RUS,CIP,gyrB@C20W,S,{},{},{}
102,NC_000962.2,LID2015A,v1.0,GARC1,RUS,CIP,gyrB@D373G,S,{},{},{}
103,NC_000962.2,LID2015A,v1.0,GARC1,RUS,CIP,gyrB@D381E,S,{},{},{}
104,NC_000962.2,LID2015A,v1.0,GARC1,RUS,CIP,gyrB@E60K,S,{},{},{}
105,NC_000962.2,LID2015A,v1.0,GARC1,RUS,CIP,gyrB@I132V,S,{},{},{}
106,NC_000962.2,LID2015A,v1.0,GARC1,RUS,CIP,gyrB@I532T,S,{},{},{}
107,NC_000962.2,LID2015A,v1.0,GARC1,RUS,CIP,gyrB@K565Q,S,{},{},{}
108,NC_000962.2,LID2015A,v1.0,GARC1,RUS,CIP,gyrB@L109F,S,{},{},{}
109,NC_000962.2,LID2015A,v1.0,GARC1,RUS,CIP,gyrB@L243M,S,{},{},{}
110,NC_000962.2,LID2015A,v1.0,GARC1,RUS,CIP,gyrB@M655V,S,{},{},{}
111,NC_000962.2,LID2015A,v1.0,GARC1,RUS,CIP,gyrB@P667A,S,{},{},{}
112,NC_000962.2,LID2015A,v1.0,GARC1,RUS,CIP,gyrB@R614H,S,{},{},{}
113,NC_000962.2,LID2015A,v1.0,GARC1,RUS,CIP,gyrB@V340L,S,{},{},{}
114,NC_000962.2,LID2015A,v1.0,GARC1,RUS,CIP,gyrB@V669I,S,{},{},{}
115,NC_000962.2,LID2015A,v1.0,GARC1,RUS,EMB,embA@2145_indel,S,{},{},{}
116,NC_000962.2,LID2015A,v1.0,GARC1,RUS,EMB,embA@2823_indel,S,{},{},{}
117,NC_000962.2,LID2015A,v1.0,GARC1,RUS,EMB,embA@68_indel,U,{},{},{}
118,NC_000962.2,LID2015A,v1.0,GARC1,RUS,EMB,embA@A1015T,S,{},{},{}
119,NC_000962.2,LID2015A,v1.0,GARC1,RUS,EMB,embA@A109T,S,{},{},{}
120,NC_000962.2,LID2015A,v1.0,GARC1,RUS,EMB,embA@A201T,S,{},{},{}
121,NC_000962.2,LID2015A,v1.0,GARC1,RUS,EMB,embA@A255V,S,{},{},{}
122,NC_000962.2,LID2015A,v1.0,GARC1,RUS,EMB,embA@A312V,S,{},{},{}
123,NC_000962.2,LID2015A,v1.0,GARC1,RUS,EMB,embA@A428V,S,{},{},{}
124,NC_000962.2,LID2015A,v1.0,GARC1,RUS,EMB,embA@A460T,S,{},{},{}
125,NC_000962.2,LID2015A,v1.0,GARC1,RUS,EMB,embA@A586T,S,{},{},{}
126,NC_000962.2,LID2015A,v1.0,GARC1,RUS,EMB,embA@A813G,U,{},{},{}
127,NC_000962.2,LID2015A,v1.0,GARC1,RUS,EMB,embA@A852S,S,{},{},{}
128,NC_000962.2,LID2015A,v1.0,GARC1,RUS,EMB,embA@C335W,S,{},{},{}
129,NC_000962.2,LID2015A,v1.0,GARC1,RUS,EMB,embA@D1053G,S,{},{},{}
130,NC_000962.2,LID2015A,v1.0,GARC1,RUS,EMB,embA@D176A,S,{},{},{}
131,NC_000962.2,LID2015A,v1.0,GARC1,RUS,EMB,embA@D761G,S,{},{},{}
132,NC_000962.2,LID2015A,v1.0,GARC1,RUS,EMB,embA@D784N,S,{},{},{}
133,NC_000962.2,LID2015A,v1.0,GARC1,RUS,EMB,embA@D865N,S,{},{},{}
134,NC_000962.2,LID2015A,v1.0,GARC1,RUS,EMB,embA@E951D,S,{},{},{}
135,NC_000962.2,LID2015A,v1.0,GARC1,RUS,EMB,embA@G1085S,S,{},{},{}
136,NC_000962.2,LID2015A,v1.0,GARC1,RUS,EMB,embA@G154S,S,{},{},{}
137,NC_000962.2,LID2015A,v1.0,GARC1,RUS,EMB,embA@G157C,S,{},{},{}
138,NC_000962.2,LID2015A,v1.0,GARC1,RUS,EMB,embA@G21R,S,{},{},{}
139,NC_000962.2,LID2015A,v1.0,GARC1,RUS,EMB,embA@G596S,S,{},{},{}
140,NC_000962.2,LID2015A,v1.0,GARC1,RUS,EMB,embA@G759R,U,{},{},{}
141,NC_000962.2,LID2015A,v1.0,GARC1,RUS,EMB,embA@G884D,S,{},{},{}
142,NC_000962.2,LID2015A,v1.0,GARC1,RUS,EMB,embA@H665R,S,{},{},{}
143,NC_000962.2,LID2015A,v1.0,GARC1,RUS,EMB,embA@H665Y,S,{},{},{}
144,NC_000962.2,LID2015A,v1.0,GARC1,RUS,EMB,embA@H673R,S,{},{},{}
145,NC_000962.2,LID2015A,v1.0,GARC1,RUS,EMB,embA@I191V,S,{},{},{}
146,NC_000962.2,LID2015A,v1.0,GARC1,RUS,EMB,embA@I595V,S,{},{},{}
147,NC_000962.2,LID2015A,v1.0,GARC1,RUS,EMB,embA@K166N,S,{},{},{}
148,NC_000962.2,LID2015A,v1.0,GARC1,RUS,EMB,embA@L215M,S,{},{},{}
149,NC_000962.2,LID2015A,v1.0,GARC1,RUS,EMB,embA@L215P,S,{},{},{}
150,NC_000962.2,LID2015A,v1.0,GARC1,RUS,EMB,embA@L263P,S,{},{},{}
151,NC_000962.2,LID2015A,v1.0,GARC1,RUS,EMB,embA@L314P,S,{},{},{}
152,NC_000962.2,LID2015A,v1.0,GARC1,RUS,EMB,embA@L373P,S,{},{},{}
153,NC_000962.2,LID2015A,v1.0,GARC1,RUS,EMB,embA@L659F,S,{},{},{}
154,NC_000962.2,LID2015A,v1.0,GARC1,RUS,EMB,embA@M697V,S,{},{},{}
155,NC_000962.2,LID2015A,v1.0,GARC1,RUS,EMB,embA@P1094S,S,{},{},{}
156,NC_000962.2,LID2015A,v1.0,GARC1,RUS,EMB,embA@P327L,S,{},{},{}
157,NC_000962.2,LID2015A,v1.0,GARC1,RUS,EMB,embA@P35Q,S,{},{},{}
158,NC_000962.2,LID2015A,v1.0,GARC1,RUS,EMB,embA@P383S,U,{},{},{}
159,NC_000962.2,LID2015A,v1.0,GARC1,RUS,EMB,embA@P639S,U,{},{},{}
160,NC_000962.2,LID2015A,v1.0,GARC1,RUS,EMB,embA@P901L,S,{},{},{}
161,NC_000962.2,LID2015A,v1.0,GARC1,RUS,EMB,embA@R683L,S,{},{},{}
162,NC_000962.2,LID2015A,v1.0,GARC1,RUS,EMB,embA@S20A,S,{},{},{}
163,NC_000962.2,LID2015A,v1.0,GARC1,RUS,EMB,embA@S20P,S,{},{},{}
164,NC_000962.2,LID2015A,v1.0,GARC1,RUS,EMB,embA@S49R,S,{},{},{}
165,NC_000962.2,LID2015A,v1.0,GARC1,RUS,EMB,embA@S49T,S,{},{},{}
166,NC_000962.2,LID2015A,v1.0,GARC1,RUS,EMB,embA@S77P,S,{},{},{}
167,NC_000962.2,LID2015A,v1.0,GARC1,RUS,EMB,embA@T238N,S,{},{},{}
168,NC_000962.2,LID2015A,v1.0,GARC1,RUS,EMB,embA@T238S,S,{},{},{}
169,NC_000962.2,LID2015A,v1.0,GARC1,RUS,EMB,embA@T308A,S,{},{},{}
170,NC_000962.2,LID2015A,v1.0,GARC1,RUS,EMB,embA@T478A,S,{},{},{}
171,NC_000962.2,LID2015A,v1.0,GARC1,RUS,EMB,embA@T591P,S,{},{},{}
172,NC_000962.2,LID2015A,v1.0,GARC1,RUS,EMB,embA@T728I,S,{},{},{}
173,NC_000962.2,LID2015A,v1.0,GARC1,RUS,EMB,embA@V31A,S,{},{},{}
174,NC_000962.2,LID2015A,v1.0,GARC1,RUS,EMB,embA@V414M,S,{},{},{}
175,NC_000962.2,LID2015A,v1.0,GARC1,RUS,EMB,embA@V468A,U,{},{},{}
176,NC_000962.2,LID2015A,v1.0,GARC1,RUS,EMB,embA@W1050G,S,{},{},{}
177,NC_000962.2,LID2015A,v1.0,GARC1,RUS,EMB,embA@W306R,S,{},{},{}
178,NC_000962.2,LID2015A,v1.0,GARC1,RUS,EMB,embA@Y296H,S,{},{},{}
179,NC_000962.2,LID2015A,v1.0,GARC1,RUS,EMB,embA@Y307H,S,{},{},{}
180,NC_000962.2,LID2015A,v1.0,GARC1,RUS,EMB,embA@c-11a,U,{},{},{}
181,NC_000962.2,LID2015A,v1.0,GARC1,RUS,EMB,embA@c-12t,U,{},{},{}
182,NC_000962.2,LID2015A,v1.0,GARC1,RUS,EMB,embA@c-15g,U,{},{},{}
183,NC_000962.2,LID2015A,v1.0,GARC1,RUS,EMB,embA@c-16g,U,{},{},{}
184,NC_000962.2,LID2015A,v1.0,GARC1,RUS,EMB,embA@c-16t,S,{},{},{}
185,NC_000962.2,LID2015A,v1.0,GARC1,RUS,EMB,embA@c-59a,S,{},{},{}
186,NC_000962.2,LID2015A,v1.0,GARC1,RUS,EMB,embA@c-8t,U,{},{},{}
187,NC_000962.2,LID2015A,v1.0,GARC1,RUS,EMB,embA@g-17a,S,{},{},{}
188,NC_000962.2,LID2015A,v1.0,GARC1,RUS,EMB,embB@3042_indel,S,{},{},{}
189,NC_000962.2,LID2015A,v1.0,GARC1,RUS,EMB,embB@A259V,S,{},{},{}
190,NC_000962.2,LID2015A,v1.0,GARC1,RUS,EMB,embB@A438T,S,{},{},{}
191,NC_000962.2,LID2015A,v1.0,GARC1,RUS,EMB,embB@A510T,S,{},{},{}
192,NC_000962.2,LID2015A,v1.0,GARC1,RUS,EMB,embB@A547S,S,{},{},{}
193,NC_000962.2,LID2015A,v1.0,GARC1,RUS,EMB,embB@A683V,S,{},{},{}
194,NC_000962.2,LID2015A,v1.0,GARC1,RUS,EMB,embB@A693T,S,{},{},{}
195,NC_000962.2,LID2015A,v1.0,GARC1,RUS,EMB,embB@A716P,U,{},{},{}
196,NC_000962.2,LID2015A,v1.0,GARC1,RUS,EMB,embB@A861T,S,{},{},{}
197,NC_000962.2,LID2015A,v1.0,GARC1,RUS,EMB,embB@C361S,S,{},{},{}
198,NC_000962.2,LID2015A,v1.0,GARC1,RUS,EMB,embB@D311A,S,{},{},{}
199,NC_000962.2,LID2015A,v1.0,GARC1,RUS,EMB,embB@D354A,R,{},{},{}
200,NC_000962.2,LID2015A,v1.0,GARC1,RUS,EMB,embB@D354G,S,{},{},{}
201,NC_000962.2,LID2015A,v1.0,GARC1,RUS,EMB,embB@D78E,S,{},{},{}
202,NC_000962.2,LID2015A,v1.0,GARC1,RUS,EMB,embB@D78G,S,{},{},{}
203,NC_000962.2,LID2015A,v1.0,GARC1,RUS,EMB,embB@D869H,S,{},{},{}
204,NC_000962.2,LID2015A,v1.0,GARC1,RUS,EMB,embB@D86N,S,{},{},{}
205,NC_000962.2,LID2015A,v1.0,GARC1,RUS,EMB,embB@E405D,U,{},{},{}
206,NC_000962.2,LID2015A,v1.0,GARC1,RUS,EMB,embB@E951Q,S,{},{},{}
207,NC_000962.2,LID2015A,v1.0,GARC1,RUS,EMB,embB@F285L,S,{},{},{}
208,NC_000962.2,LID2015A,v1.0,GARC1,RUS,EMB,embB@F628S,S,{},{},{}
209,NC_000962.2,LID2015A,v1.0,GARC1,RUS,EMB,embB@F676S,S,{},{},{}
210,NC_000962.2,LID2015A,v1.0,GARC1,RUS,EMB,embB@G100S,S,{},{},{}
211,NC_000962.2,LID2015A,v1.0,GARC1,RUS,EMB,embB@G156C,U,{},{},{}
212,NC_000962.2,LID2015A,v1.0,GARC1,RUS,EMB,embB@G263R,S,{},{},{}
213,NC_000962.2,LID2015A,v1.0,GARC1,RUS,EMB,embB@G305C,S,{},{},{}
214,NC_000962.2,LID2015A,v1.0,GARC1,RUS,EMB,embB@G406A,R,{},{},{}
215,NC_000962.2,LID2015A,v1.0,GARC1,RUS,EMB,embB@G406D,R,{},{},{}
216,NC_000962.2,LID2015A,v1.0,GARC1,RUS,EMB,embB@G406S,R,{},{},{}
217,NC_000962.2,LID2015A,v1.0,GARC1,RUS,EMB,embB@G665R,S,{},{},{}
218,NC_000962.2,LID2015A,v1.0,GARC1,RUS,EMB,embB@G694S,S,{},{},{}
219,NC_000962.2,LID2015A,v1.0,GARC1,RUS,EMB,embB@G748E,S,{},{},{}
220,NC_000962.2,LID2015A,v1.0,GARC1,RUS,EMB,embB@G836R,S,{},{},{}
221,NC_000962.2,LID2015A,v1.0,GARC1,RUS,EMB,embB@H1002R,R,{},{},{}
222,NC_000962.2,LID2015A,v1.0,GARC1,RUS,EMB,embB@I1006M,S,{},{},{}
223,NC_000962.2,LID2015A,v1.0,GARC1,RUS,EMB,embB@K882T,S,{},{},{}
224,NC_000962.2,LID2015A,v1.0,GARC1,RUS,EMB,embB@L370R,S,{},{},{}
225,NC_000962.2,LID2015A,v1.0,GARC1,RUS,EMB,embB@L638F,S,{},{},{}
226,NC_000962.2,LID2015A,v1.0,GARC1,RUS,EMB,embB@L686P,S,{},{},{}
227,NC_000962.2,LID2015A,v1.0,GARC1,RUS,EMB,embB@L971M,S,{},{},{}
228,NC_000962.2,LID2015A,v1.0,GARC1,RUS,EMB,embB@M1049I,S,{},{},{}
229,NC_000962.2,LID2015A,v1.0,GARC1,RUS,EMB,embB@M306I,R,{},{},{}
230,NC_000962.2,LID2015A,v1.0,GARC1,RUS,EMB,embB@M306L,S,{},{},{}
231,NC_000962.2,LID2015A,v1.0,GARC1,RUS,EMB,embB@M306T,U,{},{},{}
232,NC_000962.2,LID2015A,v1.0,GARC1,RUS,EMB,embB@M306V,R,{},{},{}
233,NC_000962.2,LID2015A,v1.0,GARC1,RUS,EMB,embB@M340I,S,{},{},{}
234,NC_000962.2,LID2015A,v1.0,GARC1,RUS,EMB,embB@M423T,U,{},{},{}
235,NC_000962.2,LID2015A,v1.0,GARC1,RUS,EMB,embB@M462L,S,{},{},{}
236,NC_000962.2,LID2015A,v1.0,GARC1,RUS,EMB,embB@M557I,S,{},{},{}
237,NC_000962.2,LID2015A,v1.0,GARC1,RUS,EMB,embB@M91I,S,{},{},{}
238,NC_000962.2,LID2015A,v1.0,GARC1,RUS,EMB,embB@N1004T,S,{},{},{}
239,NC_000962.2,LID2015A,v1.0,GARC1,RUS,EMB,embB@N13S,S,{},{},{}
240,NC_000962.2,LID2015A,v1.0,GARC1,RUS,EMB,embB@N657D,S,{},{},{}
241,NC_000962.2,LID2015A,v1.0,GARC1,RUS,EMB,embB@P375S,S,{},{},{}
242,NC_000962.2,LID2015A,v1.0,GARC1,RUS,EMB,embB@P430L,S,{},{},{}
243,NC_000962.2,LID2015A,v1.0,GARC1,RUS,EMB,embB@P655Q,S,{},{},{}
244,NC_000962.2,LID2015A,v1.0,GARC1,RUS,EMB,embB@P776L,S,{},{},{}
245,NC_000962.2,LID2015A,v1.0,GARC1,RUS,EMB,embB@P93L,S,{},{},{}
246,NC_000962.2,LID2015A,v1.0,GARC1,RUS,EMB,embB@Q497K,R,{},{},{}
247,NC_000962.2,LID2015A,v1.0,GARC1,RUS,EMB,embB@Q497R,R,{},{},{}
248,NC_000962.2,LID2015A,v1.0,GARC1,RUS,EMB,embB@R147C,S,{},{},{}
249,NC_000962.2,LID2015A,v1.0,GARC1,RUS,EMB,embB@R14Q,S,{},{},{}
250,NC_000962.2,LID2015A,v1.0,GARC1,RUS,EMB,embB@R182C,S,{},{},{}
251,NC_000962.2,LID2015A,v1.0,GARC1,RUS,EMB,embB@R7T,S,{},{},{}
252,NC_000962.2,LID2015A,v1.0,GARC1,RUS,EMB,embB@R930H,S,{},{},{}
253,NC_000962.2,LID2015A,v1.0,GARC1,RUS,EMB,embB@S1054P,S,{},{},{}
254,NC_000962.2,LID2015A,v1.0,GARC1,RUS,EMB,embB@S203L,S,{},{},{}
255,NC_000962.2,LID2015A,v1.0,GARC1,RUS,EMB,embB@S317F,S,{},{},{}
256,NC_000962.2,LID2015A,v1.0,GARC1,RUS,EMB,embB@S422P,S,{},{},{}
257,NC_000962.2,LID2015A,v1.0,GARC1,RUS,EMB,embB@S658N,S,{},{},{}
258,NC_000962.2,LID2015A,v1.0,GARC1,RUS,EMB,embB@S658R,S,{},{},{}
259,NC_000962.2,LID2015A,v1.0,GARC1,RUS,EMB,embB@T1069P,S,{},{},{}
260,NC_000962.2,LID2015A,v1.0,GARC1,RUS,EMB,embB@T1082A,S,{},{},{}
261,NC_000962.2,LID2015A,v1.0,GARC1,RUS,EMB,embB@T341A,S,{},{},{}
262,NC_000962.2,LID2015A,v1.0,GARC1,RUS,EMB,embB@T498N,S,{},{},{}
263,NC_000962.2,LID2015A,v1.0,GARC1,RUS,EMB,embB@T797M,S,{},{},{}
264,NC_000962.2,LID2015A,v1.0,GARC1,RUS,EMB,embB@V1048I,S,{},{},{}
265,NC_000962.2,LID2015A,v1.0,GARC1,RUS,EMB,embB@V1071F,S,{},{},{}
266,NC_000962.2,LID2015A,v1.0,GARC1,RUS,EMB,embB@V131M,S,{},{},{}
267,NC_000962.2,LID2015A,v1.0,GARC1,RUS,EMB,embB@V135M,S,{},{},{}
268,NC_000962.2,LID2015A,v1.0,GARC1,RUS,EMB,embB@V188A,S,{},{},{}
269,NC_000962.2,LID2015A,v1.0,GARC1,RUS,EMB,embB@V231I,S,{},{},{}
270,NC_000962.2,LID2015A,v1.0,GARC1,RUS,EMB,embB@V283M,S,{},{},{}
271,NC_000962.2,LID2015A,v1.0,GARC1,RUS,EMB,embB@V602I,S,{},{},{}
272,NC_000962.2,LID2015A,v1.0,GARC1,RUS,EMB,embB@V668I,S,{},{},{}
273,NC_000962.2,LID2015A,v1.0,GARC1,RUS,EMB,embB@W1089R,U,{},{},{}
274,NC_000962.2,LID2015A,v1.0,GARC1,RUS,EMB,embB@W332R,U,{},{},{}
275,NC_000962.2,LID2015A,v1.0,GARC1,RUS,EMB,embB@c-2t,S,{},{},{}
276,NC_000962.2,LID2015A,v1.0,GARC1,RUS,EMB,embB@g-29a,S,{},{},{}
277,NC_000962.2,LID2015A,v1.0,GARC1,RUS,EMB,embB@g-6a,S,{},{},{}
278,NC_000962.2,LID2015A,v1.0,GARC1,RUS,EMB,embC@A1073T,S,{},{},{}
279,NC_000962.2,LID2015A,v1.0,GARC1,RUS,EMB,embC@A116T,S,{},{},{}
280,NC_000962.2,LID2015A,v1.0,GARC1,RUS,EMB,embC@A232V,S,{},{},{}
281,NC_000962.2,LID2015A,v1.0,GARC1,RUS,EMB,embC@A307T,S,{},{},{}
282,NC_000962.2,LID2015A,v1.0,GARC1,RUS,EMB,embC@A33T,S,{},{},{}
283,NC_000962.2,LID2015A,v1.0,GARC1,RUS,EMB,embC@A387V,U,{},{},{}
284,NC_000962.2,LID2015A,v1.0,GARC1,RUS,EMB,embC@A46V,S,{},{},{}
285,NC_000962.2,LID2015A,v1.0,GARC1,RUS,EMB,embC@A597T,S,{},{},{}
286,NC_000962.2,LID2015A,v1.0,GARC1,RUS,EMB,embC@A611T,S,{},{},{}
287,NC_000962.2,LID2015A,v1.0,GARC1,RUS,EMB,embC@A711T,S,{},{},{}
288,NC_000962.2,LID2015A,v1.0,GARC1,RUS,EMB,embC@A774S,S,{},{},{}
289,NC_000962.2,LID2015A,v1.0,GARC1,RUS,EMB,embC@A887T,S,{},{},{}
290,NC_000962.2,LID2015A,v1.0,GARC1,RUS,EMB,embC@A940S,S,{},{},{}
291,NC_000962.2,LID2015A,v1.0,GARC1,RUS,EMB,embC@C355F,S,{},{},{}
292,NC_000962.2,LID2015A,v1.0,GARC1,RUS,EMB,embC@C411R,S,{},{},{}
293,NC_000962.2,LID2015A,v1.0,GARC1,RUS,EMB,embC@D252H,S,{},{},{}
294,NC_000962.2,LID2015A,v1.0,GARC1,RUS,EMB,embC@D329N,S,{},{},{}
295,NC_000962.2,LID2015A,v1.0,GARC1,RUS,EMB,embC@D775N,S,{},{},{}
296,NC_000962.2,LID2015A,v1.0,GARC1,RUS,EMB,embC@D948N,S,{},{},{}
297,NC_000962.2,LID2015A,v1.0,GARC1,RUS,EMB,embC@F286L,S,{},{},{}
298,NC_000962.2,LID2015A,v1.0,GARC1,RUS,EMB,embC@F67V,S,{},{},{}
299,NC_000962.2,LID2015A,v1.0,GARC1,RUS,EMB,embC@F982I,S,{},{},{}
300,NC_000962.2,LID2015A,v1.0,GARC1,RUS,EMB,embC@G101A,S,{},{},{}
301,NC_000962.2,LID2015A,v1.0,GARC1,RUS,EMB,embC@G237A,S,{},{},{}
302,NC_000962.2,LID2015A,v1.0,GARC1,RUS,EMB,embC@G764V,S,{},{},{}
303,NC_000962.2,LID2015A,v1.0,GARC1,RUS,EMB,embC@G831R,S,{},{},{}
304,NC_000962.2,LID2015A,v1.0,GARC1,RUS,EMB,embC@G857S,S,{},{},{}
305,NC_000962.2,LID2015A,v1.0,GARC1,RUS,EMB,embC@G909E,S,{},{},{}
306,NC_000962.2,LID2015A,v1.0,GARC1,RUS,EMB,embC@H369R,S,{},{},{}
307,NC_000962.2,LID2015A,v1.0,GARC1,RUS,EMB,embC@I936V,S,{},{},{}
308,NC_000962.2,LID2015A,v1.0,GARC1,RUS,EMB,embC@K511N,S,{},{},{}
309,NC_000962.2,LID2015A,v1.0,GARC1,RUS,EMB,embC@K656N,S,{},{},{}
310,NC_000962.2,LID2015A,v1.0,GARC1,RUS,EMB,embC@L236P,S,{},{},{}
311,NC_000962.2,LID2015A,v1.0,GARC1,RUS,EMB,embC@L240P,S,{},{},{}
312,NC_000962.2,LID2015A,v1.0,GARC1,RUS,EMB,embC@L434F,S,{},{},{}
313,NC_000962.2,LID2015A,v1.0,GARC1,RUS,EMB,embC@L460R,S,{},{},{}
314,NC_000962.2,LID2015A,v1.0,GARC1,RUS,EMB,embC@L661I,U,{},{},{}
315,NC_000962.2,LID2015A,v1.0,GARC1,RUS,EMB,embC@M1040T,S,{},{},{}
316,NC_000962.2,LID2015A,v1.0,GARC1,RUS,EMB,embC@M727V,S,{},{},{}
317,NC_000962.2,LID2015A,v1.0,GARC1,RUS,EMB,embC@N127S,S,{},{},{}
318,NC_000962.2,LID2015A,v1.0,GARC1,RUS,EMB,embC@N176K,S,{},{},{}
319,NC_000962.2,LID2015A,v1.0,GARC1,RUS,EMB,embC@P1065L,S,{},{},{}
320,NC_000962.2,LID2015A,v1.0,GARC1,RUS,EMB,embC@P210S,S,{},{},{}
321,NC_000962.2,LID2015A,v1.0,GARC1,RUS,EMB,embC@P486T,S,{},{},{}
322,NC_000962.2,LID2015A,v1.0,GARC1,RUS,EMB,embC@P558R,S,{},{},{}
323,NC_000962.2,LID2015A,v1.0,GARC1,RUS,EMB,embC@P732A,S,{},{},{}
324,NC_000962.2,LID2015A,v1.0,GARC1,RUS,EMB,embC@P791T,S,{},{},{}
325,NC_000962.2,LID2015A,v1.0,GARC1,RUS,EMB,embC@P861L,S,{},{},{}
326,NC_000962.2,LID2015A,v1.0,GARC1,RUS,EMB,embC@Q1061H,S,{},{},{}
327,NC_000962.2,LID2015A,v1.0,GARC1,RUS,EMB,embC@Q491H,S,{},{},{}
328,NC_000962.2,LID2015A,v1.0,GARC1,RUS,EMB,embC@Q54H,S,{},{},{}
329,NC_000962.2,LID2015A,v1.0,GARC1,RUS,EMB,embC@Q730H,S,{},{},{}
330,NC_000962.2,LID2015A,v1.0,GARC1,RUS,EMB,embC@Q742H,S,{},{},{}
331,NC_000962.2,LID2015A,v1.0,GARC1,RUS,EMB,embC@R221C,S,{},{},{}
332,NC_000962.2,LID2015A,v1.0,GARC1,RUS,EMB,embC@R695W,S,{},{},{}
333,NC_000962.2,LID2015A,v1.0,GARC1,RUS,EMB,embC@R738W,S,{},{},{}
334,NC_000962.2,LID2015A,v1.0,GARC1,RUS,EMB,embC@R927H,S,{},{},{}
335,NC_000962.2,LID2015A,v1.0,GARC1,RUS,EMB,embC@R9H,S,{},{},{}
336,NC_000962.2,LID2015A,v1.0,GARC1,RUS,EMB,embC@S213N,S,{},{},{}
337,NC_000962.2,LID2015A,v1.0,GARC1,RUS,EMB,embC@S225R,S,{},{},{}
338,NC_000962.2,LID2015A,v1.0,GARC1,RUS,EMB,embC@T1044M,S,{},{},{}
339,NC_000962.2,LID2015A,v1.0,GARC1,RUS,EMB,embC@T1044P,S,{},{},{}
340,NC_000962.2,LID2015A,v1.0,GARC1,RUS,EMB,embC@T1079A,S,{},{},{}
341,NC_000962.2,LID2015A,v1.0,GARC1,RUS,EMB,embC@T712A,S,{},{},{}
342,NC_000962.2,LID2015A,v1.0,GARC1,RUS,EMB,embC@T786A,S,{},{},{}
343,NC_000962.2,LID2015A,v1.0,GARC1,RUS,EMB,embC@T941A,S,{},{},{}
344,NC_000962.2,LID2015A,v1.0,GARC1,RUS,EMB,embC@V303L,S,{},{},{}
345,NC_000962.2,LID2015A,v1.0,GARC1,RUS,EMB,embC@V337I,S,{},{},{}
346,NC_000962.2,LID2015A,v1.0,GARC1,RUS,EMB,embC@V363I,S,{},{},{}
347,NC_000962.2,LID2015A,v1.0,GARC1,RUS,EMB,embC@a-20c,U,{},{},{}
348,NC_000962.2,LID2015A,v1.0,GARC1,RUS,EMB,embC@c-100t,S,{},{},{}
349,NC_000962.2,LID2015A,v1.0,GARC1,RUS,EMB,embR@101_indel,S,{},{},{}
350,NC_000962.2,LID2015A,v1.0,GARC1,RUS,EMB,embR@1141_indel,S,{},{},{}
351,NC_000962.2,LID2015A,v1.0,GARC1,RUS,EMB,embR@180_indel,S,{},{},{}
352,NC_000962.2,LID2015A,v1.0,GARC1,RUS,EMB,embR@458_indel,U,{},{},{}
353,NC_000962.2,LID2015A,v1.0,GARC1,RUS,EMB,embR@93_indel,S,{},{},{}
354,NC_000962.2,LID2015A,v1.0,GARC1,RUS,EMB,embR@A141V,S,{},{},{}
355,NC_000962.2,LID2015A,v1.0,GARC1,RUS,EMB,embR@A296T,S,{},{},{}
356,NC_000962.2,LID2015A,v1.0,GARC1,RUS,EMB,embR@A58D,S,{},{},{}
357,NC_000962.2,LID2015A,v1.0,GARC1,RUS,EMB,embR@A70S,S,{},{},{}
358,NC_000962.2,LID2015A,v1.0,GARC1,RUS,EMB,embR@A86G,S,{},{},{}
359,NC_000962.2,LID2015A,v1.0,GARC1,RUS,EMB,embR@A96T,S,{},{},{}
360,NC_000962.2,LID2015A,v1.0,GARC1,RUS,EMB,embR@D219N,S,{},{},{}
361,NC_000962.2,LID2015A,v1.0,GARC1,RUS,EMB,embR@G113A,S,{},{},{}
362,NC_000962.2,LID2015A,v1.0,GARC1,RUS,EMB,embR@G300C,S,{},{},{}
363,NC_000962.2,LID2015A,v1.0,GARC1,RUS,EMB,embR@H137Q,S,{},{},{}
364,NC_000962.2,LID2015A,v1.0,GARC1,RUS,EMB,embR@H385Y,S,{},{},{}
365,NC_000962.2,LID2015A,v1.0,GARC1,RUS,EMB,embR@K170T,S,{},{},{}
366,NC_000962.2,LID2015A,v1.0,GARC1,RUS,EMB,embR@K267R,S,{},{},{}
367,NC_000962.2,LID2015A,v1.0,GARC1,RUS,EMB,embR@L239V,U,{},{},{}
368,NC_000962.2,LID2015A,v1.0,GARC1,RUS,EMB,embR@Q353P,S,{},{},{}
369,NC_000962.2,LID2015A,v1.0,GARC1,RUS,EMB,embR@Q353R,S,{},{},{}
370,NC_000962.2,LID2015A,v1.0,GARC1,RUS,EMB,embR@R130W,S,{},{},{}
371,NC_000962.2,LID2015A,v1.0,GARC1,RUS,EMB,embR@R229H,S,{},{},{}
372,NC_000962.2,LID2015A,v1.0,GARC1,RUS,EMB,embR@S66A,S,{},{},{}
373,NC_000962.2,LID2015A,v1.0,GARC1,RUS,EMB,embR@T268I,S,{},{},{}
374,NC_000962.2,LID2015A,v1.0,GARC1,RUS,EMB,embR@T26A,S,{},{},{}
375,NC_000962.2,LID2015A,v1.0,GARC1,RUS,EMB,embR@T281I,S,{},{},{}
376,NC_000962.2,LID2015A,v1.0,GARC1,RUS,EMB,embR@T57A,S,{},{},{}
377,NC_000962.2,LID2015A,v1.0,GARC1,RUS,EMB,embR@V276M,S,{},{},{}
378,NC_000962.2,LID2015A,v1.0,GARC1,RUS,EMB,embR@V325I,S,{},{},{}
379,NC_000962.2,LID2015A,v1.0,GARC1,RUS,EMB,embR@V50I,S,{},{},{}
380,NC_000962.2,LID2015A,v1.0,GARC1,RUS,EMB,embR@a-14g,S,{},{},{}
381,NC_000962.2,LID2015A,v1.0,GARC1,RUS,EMB,embR@g-69a,S,{},{},{}
382,NC_000962.2,LID2015A,v1.0,GARC1,RUS,EMB,iniA@1405_indel,S,{},{},{}
383,NC_000962.2,LID2015A,v1.0,GARC1,RUS,EMB,iniA@1638_indel,S,{},{},{}
384,NC_000962.2,LID2015A,v1.0,GARC1,RUS,EMB,iniA@1663_indel,S,{},{},{}
385,NC_000962.2,LID2015A,v1.0,GARC1,RUS,EMB,iniA@1755_indel,S,{},{},{}
386,NC_000962.2,LID2015A,v1.0,GARC1,RUS,EMB,iniA@1862_indel,S,{},{},{}
387,NC_000962.2,LID2015A,v1.0,GARC1,RUS,EMB,iniA@1865_indel,S,{},{},{}
388,NC_000962.2,LID2015A,v1.0,GARC1,RUS,EMB,iniA@381_indel,S,{},{},{}
389,NC_000962.2,LID2015A,v1.0,GARC1,RUS,EMB,iniA@421_indel,S,{},{},{}
390,NC_000962.2,LID2015A,v1.0,GARC1,RUS,EMB,iniA@503_indel,S,{},{},{}
391,NC_000962.2,LID2015A,v1.0,GARC1,RUS,EMB,iniA@616_indel,S,{},{},{}
392,NC_000962.2,LID2015A,v1.0,GARC1,RUS,EMB,iniA@651_indel,S,{},{},{}
393,NC_000962.2,LID2015A,v1.0,GARC1,RUS,EMB,iniA@948_indel,S,{},{},{}
394,NC_000962.2,LID2015A,v1.0,GARC1,RUS,EMB,iniA@A249V,S,{},{},{}
395,NC_000962.2,LID2015A,v1.0,GARC1,RUS,EMB,iniA@A594P,S,{},{},{}
396,NC_000962.2,LID2015A,v1.0,GARC1,RUS,EMB,iniA@D100G,S,{},{},{}
397,NC_000962.2,LID2015A,v1.0,GARC1,RUS,EMB,iniA@D138E,S,{},{},{}
398,NC_000962.2,LID2015A,v1.0,GARC1,RUS,EMB,iniA@D143N,S,{},{},{}
399,NC_000962.2,LID2015A,v1.0,GARC1,RUS,EMB,iniA@D198A,S,{},{},{}
400,NC_000962.2,LID2015A,v1.0,GARC1,RUS,EMB,iniA@D22N,S,{},{},{}
401,NC_000962.2,LID2015A,v1.0,GARC1,RUS,EMB,iniA@D549E,S,{},{},{}
402,NC_000962.2,LID2015A,v1.0,GARC1,RUS,EMB,iniA@D549N,S,{},{},{}
403,NC_000962.2,LID2015A,v1.0,GARC1,RUS,EMB,iniA@E154A,S,{},{},{}
404,NC_000962.2,LID2015A,v1.0,GARC1,RUS,EMB,iniA@F286C,S,{},{},{}
405,NC_000962.2,LID2015A,v1.0,GARC1,RUS,EMB,iniA@G507R,S,{},{},{}
406,NC_000962.2,LID2015A,v1.0,GARC1,RUS,EMB,iniA@H186L,S,{},{},{}
407,NC_000962.2,LID2015A,v1.0,GARC1,RUS,EMB,iniA@I174N,S,{},{},{}
408,NC_000962.2,LID2015A,v1.0,GARC1,RUS,EMB,iniA@I46V,S,{},{},{}
409,NC_000962.2,LID2015A,v1.0,GARC1,RUS,EMB,iniA@K19N,S,{},{},{}
410,NC_000962.2,LID2015A,v1.0,GARC1,RUS,EMB,iniA@L166M,S,{},{},{}
411,NC_000962.2,LID2015A,v1.0,GARC1,RUS,EMB,iniA@L267M,S,{},{},{}
412,NC_000962.2,LID2015A,v1.0,GARC1,RUS,EMB,iniA@L293V,S,{},{},{}
413,NC_000962.2,LID2015A,v1.0,GARC1,RUS,EMB,iniA@L372P,S,{},{},{}
414,NC_000962.2,LID2015A,v1.0,GARC1,RUS,EMB,iniA@M1I,S,{},{},{}
415,NC_000962.2,LID2015A,v1.0,GARC1,RUS,EMB,iniA@M259T,S,{},{},{}
416,NC_000962.2,LID2015A,v1.0,GARC1,RUS,EMB,iniA@N50D,U,{},{},{}
417,NC_000962.2,LID2015A,v1.0,GARC1,RUS,EMB,iniA@N88S,S,{},{},{}
418,NC_000962.2,LID2015A,v1.0,GARC1,RUS,EMB,iniA@P163R,S,{},{},{}
419,NC_000962.2,LID2015A,v1.0,GARC1,RUS,EMB,iniA@Q357!,S,{},{},{}
420,NC_000962.2,LID2015A,v1.0,GARC1,RUS,EMB,iniA@Q394E,S,{},{},{}
421,NC_000962.2,LID2015A,v1.0,GARC1,RUS,EMB,iniA@S430Y,S,{},{},{}
422,NC_000962.2,LID2015A,v1.0,GARC1,RUS,EMB,iniA@S448P,S,{},{},{}
423,NC_000962.2,LID2015A,v1.0,GARC1,RUS,EMB,iniA@S501W,S,{},{},{}
424,NC_000962.2,LID2015A,v1.0,GARC1,RUS,EMB,iniA@S84I,S,{},{},{}
425,NC_000962.2,LID2015A,v1.0,GARC1,RUS,EMB,iniA@T211I,S,{},{},{}
426,NC_000962.2,LID2015A,v1.0,GARC1,RUS,EMB,iniA@T582I,S,{},{},{}
427,NC_000962.2,LID2015A,v1.0,GARC1,RUS,EMB,iniA@V106A,S,{},{},{}
428,NC_000962.2,LID2015A,v1.0,GARC1,RUS,EMB,iniA@V110I,S,{},{},{}
429,NC_000962.2,LID2015A,v1.0,GARC1,RUS,EMB,iniA@V110L,S,{},{},{}
430,NC_000962.2,LID2015A,v1.0,GARC1,RUS,EMB,iniA@V218M,S,{},{},{}
431,NC_000962.2,LID2015A,v1.0,GARC1,RUS,EMB,iniA@V230I,S,{},{},{}
432,NC_000962.2,LID2015A,v1.0,GARC1,RUS,EMB,iniA@V231M,S,{},{},{}
433,NC_000962.2,LID2015A,v1.0,GARC1,RUS,EMB,iniA@V35M,S,{},{},{}
434,NC_000962.2,LID2015A,v1.0,GARC1,RUS,EMB,iniA@V544A,U,{},{},{}
435,NC_000962.2,LID2015A,v1.0,GARC1,RUS,EMB,iniA@V548F,S,{},{},{}
436,NC_000962.2,LID2015A,v1.0,GARC1,RUS,EMB,iniA@V598A,S,{},{},{}
437,NC_000962.2,LID2015A,v1.0,GARC1,RUS,EMB,iniA@c-32t,S,{},{},{}
438,NC_000962.2,LID2015A,v1.0,GARC1,RUS,EMB,iniA@c-61t,S,{},{},{}
439,NC_000962.2,LID2015A,v1.0,GARC1,RUS,EMB,iniA@g-4a,S,{},{},{}
440,NC_000962.2,LID2015A,v1.0,GARC1,RUS,EMB,iniA@g-70a,S,{},{},{}
441,NC_000962.2,LID2015A,v1.0,GARC1,RUS,EMB,iniA@g-7a,S,{},{},{}
442,NC_000962.2,LID2015A,v1.0,GARC1,RUS,EMB,iniC@140_indel,S,{},{},{}
443,NC_000962.2,LID2015A,v1.0,GARC1,RUS,EMB,iniC@188_indel,S,{},{},{}
444,NC_000962.2,LID2015A,v1.0,GARC1,RUS,EMB,iniC@272_indel,S,{},{},{}
445,NC_000962.2,LID2015A,v1.0,GARC1,RUS,EMB,iniC@279_indel,S,{},{},{}
446,NC_000962.2,LID2015A,v1.0,GARC1,RUS,EMB,iniC@667_indel,S,{},{},{}
447,NC_000962.2,LID2015A,v1.0,GARC1,RUS,EMB,iniC@884_indel,S,{},{},{}
448,NC_000962.2,LID2015A,v1.0,GARC1,RUS,EMB,iniC@A77V,S,{},{},{}
449,NC_000962.2,LID2015A,v1.0,GARC1,RUS,EMB,iniC@D29G,S,{},{},{}
450,NC_000962.2,LID2015A,v1.0,GARC1,RUS,EMB,iniC@D417E,S,{},{},{}
451,NC_000962.2,LID2015A,v1.0,GARC1,RUS,EMB,iniC@F353T,S,{},{},{}
452,NC_000962.2,LID2015A,v1.0,GARC1,RUS,EMB,iniC@G194R,U,{},{},{}
453,NC_000962.2,LID2015A,v1.0,GARC1,RUS,EMB,iniC@G197V,S,{},{},{}
454,NC_000962.2,LID2015A,v1.0,GARC1,RUS,EMB,iniC@G251A,S,{},{},{}
455,NC_000962.2,LID2015A,v1.0,GARC1,RUS,EMB,iniC@G331R,S,{},{},{}
456,NC_000962.2,LID2015A,v1.0,GARC1,RUS,EMB,iniC@G341V,U,{},{},{}
457,NC_000962.2,LID2015A,v1.0,GARC1,RUS,EMB,iniC@G438N,S,{},{},{}
458,NC_000962.2,LID2015A,v1.0,GARC1,RUS,EMB,iniC@I69M,S,{},{},{}
459,NC_000962.2,LID2015A,v1.0,GARC1,RUS,EMB,iniC@L189F,S,{},{},{}
460,NC_000962.2,LID2015A,v1.0,GARC1,RUS,EMB,iniC@L260R,S,{},{},{}
461,NC_000962.2,LID2015A,v1.0,GARC1,RUS,EMB,iniC@L279P,S,{},{},{}
462,NC_000962.2,LID2015A,v1.0,GARC1,RUS,EMB,iniC@L437R,S,{},{},{}
463,NC_000962.2,LID2015A,v1.0,GARC1,RUS,EMB,iniC@N227D,S,{},{},{}
464,NC_000962.2,LID2015A,v1.0,GARC1,RUS,EMB,iniC@N415Y,S,{},{},{}
465,NC_000962.2,LID2015A,v1.0,GARC1,RUS,EMB,iniC@P248A,S,{},{},{}
466,NC_000962.2,LID2015A,v1.0,GARC1,RUS,EMB,iniC@P408S,S,{},{},{}
467,NC_000962.2,LID2015A,v1.0,GARC1,RUS,EMB,iniC@Q355!,S,{},{},{}
468,NC_000962.2,LID2015A,v1.0,GARC1,RUS,EMB,iniC@R371Q,S,{},{},{}
469,NC_000962.2,LID2015A,v1.0,GARC1,RUS,EMB,iniC@R476C,S,{},{},{}
470,NC_000962.2,LID2015A,v1.0,GARC1,RUS,EMB,iniC@S368A,S,{},{},{}
471,NC_000962.2,LID2015A,v1.0,GARC1,RUS,EMB,iniC@T259A,S,{},{},{}
472,NC_000962.2,LID2015A,v1.0,GARC1,RUS,EMB,iniC@T52I,S,{},{},{}
473,NC_000962.2,LID2015A,v1.0,GARC1,RUS,EMB,iniC@T82A,S,{},{},{}
474,NC_000962.2,LID2015A,v1.0,GARC1,RUS,EMB,iniC@T89I,S,{},{},{}
475,NC_000962.2,LID2015A,v1.0,GARC1,RUS,EMB,iniC@V200L,S,{},{},{}
476,NC_000962.2,LID2015A,v1.0,GARC1,RUS,EMB,iniC@c-12t,S,{},{},{}
477,NC_000962.2,LID2015A,v1.0,GARC1,RUS,EMB,iniC@g-24t,S,{},{},{}
478,NC_000962.2,LID2015A,v1.0,GARC1,RUS,EMB,manB@56_indel,U,{},{},{}
479,NC_000962.2,LID2015A,v1.0,GARC1,RUS,EMB,manB@A191G,S,{},{},{}
480,NC_000962.2,LID2015A,v1.0,GARC1,RUS,EMB,manB@C117G,S,{},{},{}
481,NC_000962.2,LID2015A,v1.0,GARC1,RUS,EMB,manB@D169S,S,{},{},{}
482,NC_000962.2,LID2015A,v1.0,GARC1,RUS,EMB,manB@D256R,S,{},{},{}
483,NC_000962.2,LID2015A,v1.0,GARC1,RUS,EMB,manB@D57S,S,{},{},{}
484,NC_000962.2,LID2015A,v1.0,GARC1,RUS,EMB,manB@D96H,S,{},{},{}
485,NC_000962.2,LID2015A,v1.0,GARC1,RUS,EMB,manB@L167A,S,{},{},{}
486,NC_000962.2,LID2015A,v1.0,GARC1,RUS,EMB,manB@P192K,S,{},{},{}
487,NC_000962.2,LID2015A,v1.0,GARC1,RUS,EMB,manB@R337S,S,{},{},{}
488,NC_000962.2,LID2015A,v1.0,GARC1,RUS,EMB,manB@a-50c,S,{},{},{}
489,NC_000962.2,LID2015A,v1.0,GARC1,RUS,EMB,manB@c-13a,S,{},{},{}
490,NC_000962.2,LID2015A,v1.0,GARC1,RUS,EMB,manB@c-97t,S,{},{},{}
491,NC_000962.2,LID2015A,v1.0,GARC1,RUS,EMB,manB@g-83a,S,{},{},{}
492,NC_000962.2,LID2015A,v1.0,GARC1,RUS,EMB,manB@t-98a,S,{},{},{}
493,NC_000962.2,LID2015A,v1.0,GARC1,RUS,EMB,rmlD@A115V,S,{},{},{}
494,NC_000962.2,LID2015A,v1.0,GARC1,RUS,EMB,rmlD@A25V,S,{},{},{}
495,NC_000962.2,LID2015A,v1.0,GARC1,RUS,EMB,rmlD@A48T,S,{},{},{}
496,NC_000962.2,LID2015A,v1.0,GARC1,RUS,EMB,rmlD@F250Y,S,{},{},{}
497,NC_000962.2,LID2015A,v1.0,GARC1,RUS,EMB,rmlD@H20R,S,{},{},{}
498,NC_000962.2,LID2015A,v1.0,GARC1,RUS,EMB,rmlD@M32V,S,{},{},{}
499,NC_000962.2,LID2015A,v1.0,GARC1,RUS,EMB,rmlD@P300L,S,{},{},{}
500,NC_000962.2,LID2015A,v1.0,GARC1,RUS,EMB,rmlD@R303C,S,{},{},{}
501,NC_000962.2,LID2015A,v1.0,GARC1,RUS,EMB,rmlD@S72I,S,{},{},{}
502,NC_000962.2,LID2015A,v1.0,GARC1,RUS,EMB,rmlD@T155A,S,{},{},{}
503,NC_000962.2,LID2015A,v1.0,GARC1,RUS,EMB,rmlD@T284K,S,{},{},{}
504,NC_000962.2,LID2015A,v1.0,GARC1,RUS,EMB,rmlD@V245I,S,{},{},{}
505,NC_000962.2,LID2015A,v1.0,GARC1,RUS,EMB,rmlD@g-100a,S,{},{},{}
506,NC_000962.2,LID2015A,v1.0,GARC1,RUS,EMB,rmlD@g-100t,S,{},{},{}
507,NC_000962.2,LID2015A,v1.0,GARC1,RUS,EMB,rmlD@g-71t,S,{},{},{}
508,NC_000962.2,LID2015A,v1.0,GARC1,RUS,EMB,rmlD@t-47c,S,{},{},{}
509,NC_000962.2,LID2015A,v1.0,GARC1,RUS,EMB,rmlD@t-90c,S,{},{},{}
510,NC_000962.2,LID2015A,v1.0,GARC1,RUS,INH,ahpC@313_indel,S,{},{},{}
511,NC_000962.2,LID2015A,v1.0,GARC1,RUS,INH,ahpC@348_indel,S,{},{},{}
512,NC_000962.2,LID2015A,v1.0,GARC1,RUS,INH,ahpC@54_indel,U,{},{},{}
513,NC_000962.2,LID2015A,v1.0,GARC1,RUS,INH,ahpC@66_indel,S,{},{},{}
514,NC_000962.2,LID2015A,v1.0,GARC1,RUS,INH,ahpC@98_indel,S,{},{},{}
515,NC_000962.2,LID2015A,v1.0,GARC1,RUS,INH,ahpC@A122T,S,{},{},{}
516,NC_000962.2,LID2015A,v1.0,GARC1,RUS,INH,ahpC@A187P,S,{},{},{}
517,NC_000962.2,LID2015A,v1.0,GARC1,RUS,INH,ahpC@D73H,U,{},{},{}
518,NC_000962.2,LID2015A,v1.0,GARC1,RUS,INH,ahpC@E76K,U,{},{},{}
519,NC_000962.2,LID2015A,v1.0,GARC1,RUS,INH,ahpC@F108S,U,{},{},{}
520,NC_000962.2,LID2015A,v1.0,GARC1,RUS,INH,ahpC@G32D,U,{},{},{}
521,NC_000962.2,LID2015A,v1.0,GARC1,RUS,INH,ahpC@K192N,S,{},{},{}
522,NC_000962.2,LID2015A,v1.0,GARC1,RUS,INH,ahpC@P44R,S,{},{},{}
523,NC_000962.2,LID2015A,v1.0,GARC1,RUS,INH,ahpC@P62H,S,{},{},{}
524,NC_000962.2,LID2015A,v1.0,GARC1,RUS,INH,ahpC@T105M,S,{},{},{}
525,NC_000962.2,LID2015A,v1.0,GARC1,RUS,INH,ahpC@W96C,U,{},{},{}
526,NC_000962.2,LID2015A,v1.0,GARC1,RUS,INH,ahpC@c-52t,S,{},{},{}
527,NC_000962.2,LID2015A,v1.0,GARC1,RUS,INH,ahpC@c-54t,U,{},{},{}
528,NC_000962.2,LID2015A,v1.0,GARC1,RUS,INH,ahpC@c-57t,R,{},{},{}
529,NC_000962.2,LID2015A,v1.0,GARC1,RUS,INH,ahpC@c-72t,S,{},{},{}
530,NC_000962.2,LID2015A,v1.0,GARC1,RUS,INH,ahpC@c-79t,S,{},{},{}
531,NC_000962.2,LID2015A,v1.0,GARC1,RUS,INH,ahpC@c-81t,S,{},{},{}
532,NC_000962.2,LID2015A,v1.0,GARC1,RUS,INH,ahpC@g-48a,U,{},{},{}
533,NC_000962.2,LID2015A,v1.0,GARC1,RUS,INH,ahpC@g-74a,U,{},{},{}
534,NC_000962.2,LID2015A,v1.0,GARC1,RUS,INH,ahpC@t-42c,U,{},{},{}
535,NC_000962.2,LID2015A,v1.0,GARC1,RUS,INH,ahpC@t-76a,U,{},{},{}
536,NC_000962.2,LID2015A,v1.0,GARC1,RUS,INH,ahpC@t-77g,U,{},{},{}
537,NC_000962.2,LID2015A,v1.0,GARC1,RUS,INH,fabG1@A215T,S,{},{},{}
538,NC_000962.2,LID2015A,v1.0,GARC1,RUS,INH,fabG1@E7K,S,{},{},{}
539,NC_000962.2,LID2015A,v1.0,GARC1,RUS,INH,fabG1@P81A,S,{},{},{}
540,NC_000962.2,LID2015A,v1.0,GARC1,RUS,INH,fabG1@c-15t,R,{},{},{}
541,NC_000962.2,LID2015A,v1.0,GARC1,RUS,INH,fabG1@c-34t,U,{},{},{}
542,NC_000962.2,LID2015A,v1.0,GARC1,RUS,INH,fabG1@g-17t,R,{},{},{}
543,NC_000962.2,LID2015A,v1.0,GARC1,RUS,INH,fabG1@g-47c,S,{},{},{}
544,NC_000962.2,LID2015A,v1.0,GARC1,RUS,INH,fabG1@g-77a,S,{},{},{}
545,NC_000962.2,LID2015A,v1.0,GARC1,RUS,INH,fabG1@t-8a,U,{},{},{}
546,NC_000962.2,LID2015A,v1.0,GARC1,RUS,INH,fabG1@t-8c,R,{},{},{}
547,NC_000962.2,LID2015A,v1.0,GARC1,RUS,INH,fabG1@t-8g,U,{},{},{}
548,NC_000962.2,LID2015A,v1.0,GARC1,RUS,INH,inhA@G141R,S,{},{},{}
549,NC_000962.2,LID2015A,v1.0,GARC1,RUS,INH,inhA@I194T,R,{},{},{}
550,NC_000962.2,LID2015A,v1.0,GARC1,RUS,INH,inhA@I21T,R,{},{},{}
551,NC_000962.2,LID2015A,v1.0,GARC1,RUS,INH,inhA@I21V,U,{},{},{}
552,NC_000962.2,LID2015A,v1.0,GARC1,RUS,INH,inhA@I228V,S,{},{},{}
553,NC_000962.2,LID2015A,v1.0,GARC1,RUS,INH,inhA@S94A,R,{},{},{}
554,NC_000962.2,LID2015A,v1.0,GARC1,RUS,INH,inhA@T162S,U,{},{},{}
555,NC_000962.2,LID2015A,v1.0,GARC1,RUS,INH,inhA@c-40t,S,{},{},{}
556,NC_000962.2,LID2015A,v1.0,GARC1,RUS,INH,katG@1450_indel,R,{},{},{}
557,NC_000962.2,LID2015A,v1.0,GARC1,RUS,INH,katG@1910_indel,R,{},{},{}
558,NC_000962.2,LID2015A,v1.0,GARC1,RUS,INH,katG@24_indel,U,{},{},{}
559,NC_000962.2,LID2015A,v1.0,GARC1,RUS,INH,katG@471_indel,R,{},{},{}
560,NC_000962.2,LID2015A,v1.0,GARC1,RUS,INH,katG@A109T,U,{},{},{}
561,NC_000962.2,LID2015A,v1.0,GARC1,RUS,INH,katG@A16V,S,{},{},{}
562,NC_000962.2,LID2015A,v1.0,GARC1,RUS,INH,katG@A244G,U,{},{},{}
563,NC_000962.2,LID2015A,v1.0,GARC1,RUS,INH,katG@A281T,S,{},{},{}
564,NC_000962.2,LID2015A,v1.0,GARC1,RUS,INH,katG@A532P,S,{},{},{}
565,NC_000962.2,LID2015A,v1.0,GARC1,RUS,INH,katG@A551S,S,{},{},{}
566,NC_000962.2,LID2015A,v1.0,GARC1,RUS,INH,katG@C549S,U,{},{},{}
567,NC_000962.2,LID2015A,v1.0,GARC1,RUS,INH,katG@D194N,S,{},{},{}
568,NC_000962.2,LID2015A,v1.0,GARC1,RUS,INH,katG@D215E,S,{},{},{}
569,NC_000962.2,LID2015A,v1.0,GARC1,RUS,INH,katG@D511N,S,{},{},{}
570,NC_000962.2,LID2015A,v1.0,GARC1,RUS,INH,katG@D542E,U,{},{},{}
571,NC_000962.2,LID2015A,v1.0,GARC1,RUS,INH,katG@D695A,U,{},{},{}
572,NC_000962.2,LID2015A,v1.0,GARC1,RUS,INH,katG@E340D,S,{},{},{}
573,NC_000962.2,LID2015A,v1.0,GARC1,RUS,INH,katG@E522K,S,{},{},{}
574,NC_000962.2,LID2015A,v1.0,GARC1,RUS,INH,katG@E523D,S,{},{},{}
575,NC_000962.2,LID2015A,v1.0,GARC1,RUS,INH,katG@G123R,S,{},{},{}
576,NC_000962.2,LID2015A,v1.0,GARC1,RUS,INH,katG@G124A,S,{},{},{}
577,NC_000962.2,LID2015A,v1.0,GARC1,RUS,INH,katG@G237A,S,{},{},{}
578,NC_000962.2,LID2015A,v1.0,GARC1,RUS,INH,katG@G285V,S,{},{},{}
579,NC_000962.2,LID2015A,v1.0,GARC1,RUS,INH,katG@G34A,U,{},{},{}
580,NC_000962.2,LID2015A,v1.0,GARC1,RUS,INH,katG@G534R,S,{},{},{}
581,NC_000962.2,LID2015A,v1.0,GARC1,RUS,INH,katG@G99R,U,{},{},{}
582,NC_000962.2,LID2015A,v1.0,GARC1,RUS,INH,katG@K433T,S,{},{},{}
583,NC_000962.2,LID2015A,v1.0,GARC1,RUS,INH,katG@K557N,S,{},{},{}
584,NC_000962.2,LID2015A,v1.0,GARC1,RUS,INH,katG@L159P,R,{},{},{}
585,NC_000962.2,LID2015A,v1.0,GARC1,RUS,INH,katG@L205R,S,{},{},{}
586,NC_000962.2,LID2015A,v1.0,GARC1,RUS,INH,katG@L427F,U,{},{},{}
587,NC_000962.2,LID2015A,v1.0,GARC1,RUS,INH,katG@L598R,S,{},{},{}
588,NC_000962.2,LID2015A,v1.0,GARC1,RUS,INH,katG@M257I,S,{},{},{}
589,NC_000962.2,LID2015A,v1.0,GARC1,RUS,INH,katG@M609T,S,{},{},{}
590,NC_000962.2,LID2015A,v1.0,GARC1,RUS,INH,katG@N323S,S,{},{},{}
591,NC_000962.2,LID2015A,v1.0,GARC1,RUS,INH,katG@P432T,S,{},{},{}
592,NC_000962.2,LID2015A,v1.0,GARC1,RUS,INH,katG@P6S,S,{},{},{}
593,NC_000962.2,LID2015A,v1.0,GARC1,RUS,INH,katG@Q36P,S,{},{},{}
594,NC_000962.2,LID2015A,v1.0,GARC1,RUS,INH,katG@Q471R,U,{},{},{}
595,NC_000962.2,LID2015A,v1.0,GARC1,RUS,INH,katG@Q525K,S,{},{},{}
596,NC_000962.2,LID2015A,v1.0,GARC1,RUS,INH,katG@R519H,S,{},{},{}
597,NC_000962.2,LID2015A,v1.0,GARC1,RUS,INH,katG@R78G,U,{},{},{}
598,NC_000962.2,LID2015A,v1.0,GARC1,RUS,INH,katG@S211N,U,{},{},{}
599,NC_000962.2,LID2015A,v1.0,GARC1,RUS,INH,katG@S315N,R,{},{},{}
600,NC_000962.2,LID2015A,v1.0,GARC1,RUS,INH,katG@S315T,R,{},{},{}
601,NC_000962.2,LID2015A,v1.0,GARC1,RUS,INH,katG@S446N,S,{},{},{}
602,NC_000962.2,LID2015A,v1.0,GARC1,RUS,INH,katG@T180K,R,{},{},{}
603,NC_000962.2,LID2015A,v1.0,GARC1,RUS,INH,katG@T308A,S,{},{},{}
604,NC_000962.2,LID2015A,v1.0,GARC1,RUS,INH,katG@T394A,S,{},{},{}
605,NC_000962.2,LID2015A,v1.0,GARC1,RUS,INH,katG@T475I,S,{},{},{}
606,NC_000962.2,LID2015A,v1.0,GARC1,RUS,INH,katG@T579A,U,{},{},{}
607,NC_000962.2,LID2015A,v1.0,GARC1,RUS,INH,katG@T625A,S,{},{},{}
608,NC_000962.2,LID2015A,v1.0,GARC1,RUS,INH,katG@V260I,S,{},{},{}
609,NC_000962.2,LID2015A,v1.0,GARC1,RUS,INH,katG@V469L,S,{},{},{}
610,NC_000962.2,LID2015A,v1.0,GARC1,RUS,INH,katG@V473L,S,{},{},{}
611,NC_000962.2,LID2015A,v1.0,GARC1,RUS,INH,katG@V47I,S,{},{},{}
612,NC_000962.2,LID2015A,v1.0,GARC1,RUS,INH,katG@V507I,S,{},{},{}
613,NC_000962.2,LID2015A,v1.0,GARC1,RUS,INH,katG@V633A,R,{},{},{}
614,NC_000962.2,LID2015A,v1.0,GARC1,RUS,INH,katG@V68G,S,{},{},{}
615,NC_000962.2,LID2015A,v1.0,GARC1,RUS,INH,katG@V739M,S,{},{},{}
616,NC_000962.2,LID2015A,v1.0,GARC1,RUS,INH,katG@W149R,U,{},{},{}
617,NC_000962.2,LID2015A,v1.0,GARC1,RUS,INH,katG@W191R,R,{},{},{}
618,NC_000962.2,LID2015A,v1.0,GARC1,RUS,INH,katG@W300C,R,{},{},{}
619,NC_000962.2,LID2015A,v1.0,GARC1,RUS,INH,katG@W328L,R,{},{},{}
620,NC_000962.2,LID2015A,v1.0,GARC1,RUS,INH,katG@W90R,R,{},{},{}
621,NC_000962.2,LID2015A,v1.0,GARC1,RUS,INH,katG@Y155S,U,{},{},{}
622,NC_000962.2,LID2015A,v1.0,GARC1,RUS,INH,katG@a-75g,U,{},{},{}
623,NC_000962.2,LID2015A,v1.0,GARC1,RUS,INH,katG@c-79t,S,{},{},{}
624,NC_000962.2,LID2015A,v1.0,GARC1,RUS,INH,katG@c-85t,S,{},{},{}
625,NC_000962.2,LID2015A,v1.0,GARC1,RUS,INH,katG@g-76a,S,{},{},{}
626,NC_000962.2,LID2015A,v1.0,GARC1,RUS,INH,katG@g-89a,S,{},{},{}
627,NC_000962.2,LID2015A,v1.0,GARC1,RUS,INH,katG@t-16c,U,{},{},{}
628,NC_000962.2,LID2015A,v1.0,GARC1,RUS,INH,ndh@!464?,S,{},{},{}
629,NC_000962.2,LID2015A,v1.0,GARC1,RUS,INH,ndh@D143A,U,{},{},{}
630,NC_000962.2,LID2015A,v1.0,GARC1,RUS,INH,ndh@E270Q,S,{},{},{}
631,NC_000962.2,LID2015A,v1.0,GARC1,RUS,INH,ndh@F437V,S,{},{},{}
632,NC_000962.2,LID2015A,v1.0,GARC1,RUS,INH,ndh@K208E,U,{},{},{}
633,NC_000962.2,LID2015A,v1.0,GARC1,RUS,INH,ndh@K32E,U,{},{},{}
634,NC_000962.2,LID2015A,v1.0,GARC1,RUS,INH,ndh@P384R,S,{},{},{}
635,NC_000962.2,LID2015A,v1.0,GARC1,RUS,INH,ndh@Q363S,S,{},{},{}
636,NC_000962.2,LID2015A,v1.0,GARC1,RUS,INH,ndh@R13L,S,{},{},{}
637,NC_000962.2,LID2015A,v1.0,GARC1,RUS,INH,ndh@R268H,S,{},{},{}
638,NC_000962.2,LID2015A,v1.0,GARC1,RUS,INH,ndh@R268L,S,{},{},{}
639,NC_000962.2,LID2015A,v1.0,GARC1,RUS,INH,ndh@R425H,S,{},{},{}
640,NC_000962.2,LID2015A,v1.0,GARC1,RUS,INH,ndh@S114I,S,{},{},{}
641,NC_000962.2,LID2015A,v1.0,GARC1,RUS,INH,ndh@V117I,S,{},{},{}
642,NC_000962.2,LID2015A,v1.0,GARC1,RUS,INH,ndh@V252I,S,{},{},{}
643,NC_000962.2,LID2015A,v1.0,GARC1,RUS,INH,ndh@V259I,S,{},{},{}
644,NC_000962.2,LID2015A,v1.0,GARC1,RUS,INH,ndh@c-94t,S,{},{},{}
645,NC_000962.2,LID2015A,v1.0,GARC1,RUS,INH,ndh@g-12a,S,{},{},{}
646,NC_000962.2,LID2015A,v1.0,GARC1,RUS,INH,ndh@g-17a,S,{},{},{}
647,NC_000962.2,LID2015A,v1.0,GARC1,RUS,INH,ndh@g-75c,S,{},{},{}
648,NC_000962.2,LID2015A,v1.0,GARC1,RUS,KAN,eis@906_indel,S,{},{},{}
649,NC_000962.2,LID2015A,v1.0,GARC1,RUS,KAN,eis@T136S,S,{},{},{}
650,NC_000962.2,LID2015A,v1.0,GARC1,RUS,KAN,eis@V163I,S,{},{},{}
651,NC_000962.2,LID2015A,v1.0,GARC1,RUS,KAN,eis@g-10a,R,{},{},{}
652,NC_000962.2,LID2015A,v1.0,GARC1,RUS,KAN,gidB@202_indel,U,{},{},{}
653,NC_000962.2,LID2015A,v1.0,GARC1,RUS,KAN,gidB@215_indel,S,{},{},{}
654,NC_000962.2,LID2015A,v1.0,GARC1,RUS,KAN,gidB@486_indel,S,{},{},{}
655,NC_000962.2,LID2015A,v1.0,GARC1,RUS,KAN,gidB@A10P,S,{},{},{}
656,NC_000962.2,LID2015A,v1.0,GARC1,RUS,KAN,gidB@A133G,S,{},{},{}
657,NC_000962.2,LID2015A,v1.0,GARC1,RUS,KAN,gidB@A134E,S,{},{},{}
658,NC_000962.2,LID2015A,v1.0,GARC1,RUS,KAN,gidB@A27P,S,{},{},{}
659,NC_000962.2,LID2015A,v1.0,GARC1,RUS,KAN,gidB@A80P,S,{},{},{}
660,NC_000962.2,LID2015A,v1.0,GARC1,RUS,KAN,gidB@A8V,S,{},{},{}
661,NC_000962.2,LID2015A,v1.0,GARC1,RUS,KAN,gidB@E113!,S,{},{},{}
662,NC_000962.2,LID2015A,v1.0,GARC1,RUS,KAN,gidB@G117R,S,{},{},{}
663,NC_000962.2,LID2015A,v1.0,GARC1,RUS,KAN,gidB@G69D,S,{},{},{}
664,NC_000962.2,LID2015A,v1.0,GARC1,RUS,KAN,gidB@L108P,U,{},{},{}
665,NC_000962.2,LID2015A,v1.0,GARC1,RUS,KAN,gidB@L79S,S,{},{},{}
666,NC_000962.2,LID2015A,v1.0,GARC1,RUS,KAN,gidB@L79W,S,{},{},{}
667,NC_000962.2,LID2015A,v1.0,GARC1,RUS,KAN,gidB@P75S,S,{},{},{}
668,NC_000962.2,LID2015A,v1.0,GARC1,RUS,KAN,gidB@P78R,S,{},{},{}
669,NC_000962.2,LID2015A,v1.0,GARC1,RUS,KAN,gidB@R47W,S,{},{},{}
670,NC_000962.2,LID2015A,v1.0,GARC1,RUS,KAN,gidB@V124G,S,{},{},{}
671,NC_000962.2,LID2015A,v1.0,GARC1,RUS,KAN,gidB@V139L,S,{},{},{}
672,NC_000962.2,LID2015A,v1.0,GARC1,RUS,KAN,gidB@V77A,S,{},{},{}
673,NC_000962.2,LID2015A,v1.0,GARC1,RUS,KAN,gidB@V77G,S,{},{},{}
674,NC_000962.2,LID2015A,v1.0,GARC1,RUS,KAN,gidB@Y195H,S,{},{},{}
675,NC_000962.2,LID2015A,v1.0,GARC1,RUS,KAN,gidB@g-73a,S,{},{},{}
676,NC_000962.2,LID2015A,v1.0,GARC1,RUS,KAN,rrs@a1401g,R,{},{},{}
677,NC_000962.2,LID2015A,v1.0,GARC1,RUS,KAN,rrs@a514c,U,{},{},{}
678,NC_000962.2,LID2015A,v1.0,GARC1,RUS,KAN,rrs@a906g,S,{},{},{}
679,NC_000962.2,LID2015A,v1.0,GARC1,RUS,KAN,rrs@c-69a,S,{},{},{}
680,NC_000962.2,LID2015A,v1.0,GARC1,RUS,KAN,rrs@c517t,S,{},{},{}
681,NC_000962.2,LID2015A,v1.0,GARC1,RUS,KAN,rrs@c905a,S,{},{},{}
682,NC_000962.2,LID2015A,v1.0,GARC1,RUS,KAN,rrs@g1379a,S,{},{},{}
683,NC_000962.2,LID2015A,v1.0,GARC1,RUS,KAN,rrs@t-4g,S,{},{},{}
684,NC_000962.2,LID2015A,v1.0,GARC1,RUS,KAN,rrs@t200a,S,{},{},{}
685,NC_000962.2,LID2015A,v1.0,GARC1,RUS,KAN,tlyA@H68R,S,{},{},{}
686,NC_000962.2,LID2015A,v1.0,GARC1,RUS,KAN,tlyA@S156A,S,{},{},{}
687,NC_000962.2,LID2015A,v1.0,GARC1,RUS,MXF,gyrA@A463S,S,{},{},{}
688,NC_000962.2,LID2015A,v1.0,GARC1,RUS,MXF,gyrA@A90G,S,{},{},{}
689,NC_000962.2,LID2015A,v1.0,GARC1,RUS,MXF,gyrA@A90V,R,{},{},{}
690,NC_000962.2,LID2015A,v1.0,GARC1,RUS,MXF,gyrA@D641E,U,{},{},{}
691,NC_000962.2,LID2015A,v1.0,GARC1,RUS,MXF,gyrA@D94A,R,{},{},{}
692,NC_000962.2,LID2015A,v1.0,GARC1,RUS,MXF,gyrA@D94G,R,{},{},{}
693,NC_000962.2,LID2015A,v1.0,GARC1,RUS,MXF,gyrA@D94H,S,{},{},{}
694,NC_000962.2,LID2015A,v1.0,GARC1,RUS,MXF,gyrA@D94N,R,{},{},{}
695,NC_000962.2,LID2015A,v1.0,GARC1,RUS,MXF,gyrA@F152L,S,{},{},{}
696,NC_000962.2,LID2015A,v1.0,GARC1,RUS,MXF,gyrA@L205V,S,{},{},{}
697,NC_000962.2,LID2015A,v1.0,GARC1,RUS,MXF,gyrA@L296P,S,{},{},{}
698,NC_000962.2,LID2015A,v1.0,GARC1,RUS,MXF,gyrA@M220R,U,{},{},{}
699,NC_000962.2,LID2015A,v1.0,GARC1,RUS,MXF,gyrA@M438I,S,{},{},{}
700,NC_000962.2,LID2015A,v1.0,GARC1,RUS,MXF,gyrA@N193S,S,{},{},{}
701,NC_000962.2,LID2015A,v1.0,GARC1,RUS,MXF,gyrA@P8A,S,{},{},{}
702,NC_000962.2,LID2015A,v1.0,GARC1,RUS,MXF,gyrA@Q613E,S,{},{},{}
703,NC_000962.2,LID2015A,v1.0,GARC1,RUS,MXF,gyrA@S91P,R,{},{},{}
704,NC_000962.2,LID2015A,v1.0,GARC1,RUS,MXF,gyrA@T5A,S,{},{},{}
705,NC_000962.2,LID2015A,v1.0,GARC1,RUS,MXF,gyrA@c-34t,S,{},{},{}
706,NC_000962.2,LID2015A,v1.0,GARC1,RUS,MXF,gyrA@c-80t,S,{},{},{}
707,NC_000962.2,LID2015A,v1.0,GARC1,RUS,MXF,gyrB@C20W,S,{},{},{}
708,NC_000962.2,LID2015A,v1.0,GARC1,RUS,MXF,gyrB@D381E,S,{},{},{}
709,NC_000962.2,LID2015A,v1.0,GARC1,RUS,MXF,gyrB@E60K,S,{},{},{}
710,NC_000962.2,LID2015A,v1.0,GARC1,RUS,MXF,gyrB@M655V,S,{},{},{}
711,NC_000962.2,LID2015A,v1.0,GARC1,RUS,MXF,gyrB@P133L,S,{},{},{}
712,NC_000962.2,LID2015A,v1.0,GARC1,RUS,MXF,gyrB@R485H,S,{},{},{}
713,NC_000962.2,LID2015A,v1.0,GARC1,RUS,MXF,gyrB@V340L,S,{},{},{}
714,NC_000962.2,LID2015A,v1.0,GARC1,RUS,MXF,gyrB@g-6c,S,{},{},{}
715,NC_000962.2,LID2015A,v1.0,GARC1,RUS,OFX,gyrA@A463S,S,{},{},{}
716,NC_000962.2,LID2015A,v1.0,GARC1,RUS,OFX,gyrA@A90G,S,{},{},{}
717,NC_000962.2,LID2015A,v1.0,GARC1,RUS,OFX,gyrA@A90V,R,{},{},{}
718,NC_000962.2,LID2015A,v1.0,GARC1,RUS,OFX,gyrA@D641E,U,{},{},{}
719,NC_000962.2,LID2015A,v1.0,GARC1,RUS,OFX,gyrA@D94A,R,{},{},{}
720,NC_000962.2,LID2015A,v1.0,GARC1,RUS,OFX,gyrA@D94G,R,{},{},{}
721,NC_000962.2,LID2015A,v1.0,GARC1,RUS,OFX,gyrA@D94H,S,{},{},{}
722,NC_000962.2,LID2015A,v1.0,GARC1,RUS,OFX,gyrA@D94N,R,{},{},{}
723,NC_000962.2,LID2015A,v1.0,GARC1,RUS,OFX,gyrA@F152L,S,{},{},{}
724,NC_000962.2,LID2015A,v1.0,GARC1,RUS,OFX,gyrA@L205V,S,{},{},{}
725,NC_000962.2,LID2015A,v1.0,GARC1,RUS,OFX,gyrA@L296P,S,{},{},{}
726,NC_000962.2,LID2015A,v1.0,GARC1,RUS,OFX,gyrA@M220R,U,{},{},{}
727,NC_000962.2,LID2015A,v1.0,GARC1,RUS,OFX,gyrA@M438I,S,{},{},{}
728,NC_000962.2,LID2015A,v1.0,GARC1,RUS,OFX,gyrA@N193S,S,{},{},{}
729,NC_000962.2,LID2015A,v1.0,GARC1,RUS,OFX,gyrA@P8A,S,{},{},{}
730,NC_000962.2,LID2015A,v1.0,GARC1,RUS,OFX,gyrA@Q613E,S,{},{},{}
731,NC_000962.2,LID2015A,v1.0,GARC1,RUS,OFX,gyrA@S91P,R,{},{},{}
732,NC_000962.2,LID2015A,v1.0,GARC1,RUS,OFX,gyrA@T5A,S,{},{},{}
733,NC_000962.2,LID2015A,v1.0,GARC1,RUS,OFX,gyrA@c-34t,S,{},{},{}
734,NC_000962.2,LID2015A,v1.0,GARC1,RUS,OFX,gyrA@c-80t,S,{},{},{}
735,NC_000962.2,LID2015A,v1.0,GARC1,RUS,OFX,gyrB@C20W,S,{},{},{}
736,NC_000962.2,LID2015A,v1.0,GARC1,RUS,OFX,gyrB@D381E,S,{},{},{}
737,NC_000962.2,LID2015A,v1.0,GARC1,RUS,OFX,gyrB@E60K,S,{},{},{}
738,NC_000962.2,LID2015A,v1.0,GARC1,RUS,OFX,gyrB@M655V,S,{},{},{}
739,NC_000962.2,LID2015A,v1.0,GARC1,RUS,OFX,gyrB@P133L,S,{},{},{}
740,NC_000962.2,LID2015A,v1.0,GARC1,RUS,OFX,gyrB@R485H,S,{},{},{}
741,NC_000962.2,LID2015A,v1.0,GARC1,RUS,OFX,gyrB@V340L,S,{},{},{}
742,NC_000962.2,LID2015A,v1.0,GARC1,RUS,OFX,gyrB@g-6c,S,{},{},{}
743,NC_000962.2,LID2015A,v1.0,GARC1,RUS,PZA,pncA@!187?,S,{},{},{}
744,NC_000962.2,LID2015A,v1.0,GARC1,RUS,PZA,pncA@-6_indel,S,{},{},{}
745,NC_000962.2,LID2015A,v1.0,GARC1,RUS,PZA,pncA@-9_indel,S,{},{},{}
746,NC_000962.2,LID2015A,v1.0,GARC1,RUS,PZA,pncA@177_indel,R,{},{},{}
747,NC_000962.2,LID2015A,v1.0,GARC1,RUS,PZA,pncA@292_indel,R,{},{},{}
748,NC_000962.2,LID2015A,v1.0,GARC1,RUS,PZA,pncA@300_indel,S,{},{},{}
749,NC_000962.2,LID2015A,v1.0,GARC1,RUS,PZA,pncA@409_indel,R,{},{},{}
750,NC_000962.2,LID2015A,v1.0,GARC1,RUS,PZA,pncA@491_indel,R,{},{},{}
751,NC_000962.2,LID2015A,v1.0,GARC1,RUS,PZA,pncA@494_indel,R,{},{},{}
752,NC_000962.2,LID2015A,v1.0,GARC1,RUS,PZA,pncA@516_indel,S,{},{},{}
753,NC_000962.2,LID2015A,v1.0,GARC1,RUS,PZA,pncA@528_indel,R,{},{},{}
754,NC_000962.2,LID2015A,v1.0,GARC1,RUS,PZA,pncA@570_indel,R,{},{},{}
755,NC_000962.2,LID2015A,v1.0,GARC1,RUS,PZA,pncA@98_indel,S,{},{},{}
756,NC_000962.2,LID2015A,v1.0,GARC1,RUS,PZA,pncA@A134D,S,{},{},{}
757,NC_000962.2,LID2015A,v1.0,GARC1,RUS,PZA,pncA@A143V,S,{},{},{}
758,NC_000962.2,LID2015A,v1.0,GARC1,RUS,PZA,pncA@A146T,S,{},{},{}
759,NC_000962.2,LID2015A,v1.0,GARC1,RUS,PZA,pncA@A79T,S,{},{},{}
760,NC_000962.2,LID2015A,v1.0,GARC1,RUS,PZA,pncA@C138R,R,{},{},{}
761,NC_000962.2,LID2015A,v1.0,GARC1,RUS,PZA,pncA@C14R,R,{},{},{}
762,NC_000962.2,LID2015A,v1.0,GARC1,RUS,PZA,pncA@D129N,S,{},{},{}
763,NC_000962.2,LID2015A,v1.0,GARC1,RUS,PZA,pncA@D12A,R,{},{},{}
764,NC_000962.2,LID2015A,v1.0,GARC1,RUS,PZA,pncA@D136N,R,{},{},{}
765,NC_000962.2,LID2015A,v1.0,GARC1,RUS,PZA,pncA@D49N,R,{},{},{}
766,NC_000962.2,LID2015A,v1.0,GARC1,RUS,PZA,pncA@D8G,R,{},{},{}
767,NC_000962.2,LID2015A,v1.0,GARC1,RUS,PZA,pncA@D8N,R,{},{},{}
768,NC_000962.2,LID2015A,v1.0,GARC1,RUS,PZA,pncA@E37V,S,{},{},{}
769,NC_000962.2,LID2015A,v1.0,GARC1,RUS,PZA,pncA@G132D,R,{},{},{}
770,NC_000962.2,LID2015A,v1.0,GARC1,RUS,PZA,pncA@G162D,R,{},{},{}
771,NC_000962.2,LID2015A,v1.0,GARC1,RUS,PZA,pncA@G17S,S,{},{},{}
772,NC_000962.2,LID2015A,v1.0,GARC1,RUS,PZA,pncA@G78C,R,{},{},{}
773,NC_000962.2,LID2015A,v1.0,GARC1,RUS,PZA,pncA@G97D,R,{},{},{}
774,NC_000962.2,LID2015A,v1.0,GARC1,RUS,PZA,pncA@H57D,R,{},{},{}
775,NC_000962.2,LID2015A,v1.0,GARC1,RUS,PZA,pncA@H57R,R,{},{},{}
776,NC_000962.2,LID2015A,v1.0,GARC1,RUS,PZA,pncA@H71Y,S,{},{},{}
777,NC_000962.2,LID2015A,v1.0,GARC1,RUS,PZA,pncA@K96T,R,{},{},{}
778,NC_000962.2,LID2015A,v1.0,GARC1,RUS,PZA,pncA@L172P,R,{},{},{}
779,NC_000962.2,LID2015A,v1.0,GARC1,RUS,PZA,pncA@L27P,R,{},{},{}
780,NC_000962.2,LID2015A,v1.0,GARC1,RUS,PZA,pncA@L35R,S,{},{},{}
781,NC_000962.2,LID2015A,v1.0,GARC1,RUS,PZA,pncA@L4S,R,{},{},{}
782,NC_000962.2,LID2015A,v1.0,GARC1,RUS,PZA,pncA@P77L,S,{},{},{}
783,NC_000962.2,LID2015A,v1.0,GARC1,RUS,PZA,pncA@Q10!,R,{},{},{}
784,NC_000962.2,LID2015A,v1.0,GARC1,RUS,PZA,pncA@Q141!,R,{},{},{}
785,NC_000962.2,LID2015A,v1.0,GARC1,RUS,PZA,pncA@R121Q,S,{},{},{}
786,NC_000962.2,LID2015A,v1.0,GARC1,RUS,PZA,pncA@S104R,R,{},{},{}
787,NC_000962.2,LID2015A,v1.0,GARC1,RUS,PZA,pncA@S18P,S,{},{},{}
788,NC_000962.2,LID2015A,v1.0,GARC1,RUS,PZA,pncA@S66L,S,{},{},{}
789,NC_000962.2,LID2015A,v1.0,GARC1,RUS,PZA,pncA@T114M,S,{},{},{}
790,NC_000962.2,LID2015A,v1.0,GARC1,RUS,PZA,pncA@T168S,S,{},{},{}
791,NC_000962.2,LID2015A,v1.0,GARC1,RUS,PZA,pncA@T47A,S,{},{},{}
792,NC_000962.2,LID2015A,v1.0,GARC1,RUS,PZA,pncA@T47I,S,{},{},{}
793,NC_000962.2,LID2015A,v1.0,GARC1,RUS,PZA,pncA@T87M,S,{},{},{}
794,NC_000962.2,LID2015A,v1.0,GARC1,RUS,PZA,pncA@V125G,R,{},{},{}
795,NC_000962.2,LID2015A,v1.0,GARC1,RUS,PZA,pncA@V139A,S,{},{},{}
796,NC_000962.2,LID2015A,v1.0,GARC1,RUS,PZA,pncA@V139L,R,{},{},{}
797,NC_000962.2,LID2015A,v1.0,GARC1,RUS,PZA,pncA@V180F,R,{},{},{}
798,NC_000962.2,LID2015A,v1.0,GARC1,RUS,PZA,pncA@V183L,S,{},{},{}
799,NC_000962.2,LID2015A,v1.0,GARC1,RUS,PZA,pncA@V21G,S,{},{},{}
800,NC_000962.2,LID2015A,v1.0,GARC1,RUS,PZA,pncA@V7L,R,{},{},{}
801,NC_000962.2,LID2015A,v1.0,GARC1,RUS,PZA,pncA@W68C,R,{},{},{}
802,NC_000962.2,LID2015A,v1.0,GARC1,RUS,PZA,pncA@Y64D,S,{},{},{}
803,NC_000962.2,LID2015A,v1.0,GARC1,RUS,PZA,pncA@a-11g,R,{},{},{}
804,NC_000962.2,LID2015A,v1.0,GARC1,RUS,PZA,pncA@g-33a,S,{},{},{}
805,NC_000962.2,LID2015A,v1.0,GARC1,RUS,PZA,pncA@t-12c,R,{},{},{}
806,NC_000962.2,LID2015A,v1.0,GARC1,RUS,PZA,rpsA@1622_indel,S,{},{},{}
807,NC_000962.2,LID2015A,v1.0,GARC1,RUS,PZA,rpsA@A118E,S,{},{},{}
808,NC_000962.2,LID2015A,v1.0,GARC1,RUS,PZA,rpsA@A440T,R,{},{},{}
809,NC_000962.2,LID2015A,v1.0,GARC1,RUS,PZA,rpsA@A460T,S,{},{},{}
810,NC_000962.2,LID2015A,v1.0,GARC1,RUS,PZA,rpsA@A468S,S,{},{},{}
811,NC_000962.2,LID2015A,v1.0,GARC1,RUS,PZA,rpsA@D123A,S,{},{},{}
812,NC_000962.2,LID2015A,v1.0,GARC1,RUS,PZA,rpsA@E121D,S,{},{},{}
813,NC_000962.2,LID2015A,v1.0,GARC1,RUS,PZA,rpsA@E197K,S,{},{},{}
814,NC_000962.2,LID2015A,v1.0,GARC1,RUS,PZA,rpsA@E386A,S,{},{},{}
815,NC_000962.2,LID2015A,v1.0,GARC1,RUS,PZA,rpsA@E408K,S,{},{},{}
816,NC_000962.2,LID2015A,v1.0,GARC1,RUS,PZA,rpsA@E413G,S,{},{},{}
817,NC_000962.2,LID2015A,v1.0,GARC1,RUS,PZA,rpsA@E457G,S,{},{},{}
818,NC_000962.2,LID2015A,v1.0,GARC1,RUS,PZA,rpsA@I30V,S,{},{},{}
819,NC_000962.2,LID2015A,v1.0,GARC1,RUS,PZA,rpsA@I70L,S,{},{},{}
820,NC_000962.2,LID2015A,v1.0,GARC1,RUS,PZA,rpsA@K122M,S,{},{},{}
821,NC_000962.2,LID2015A,v1.0,GARC1,RUS,PZA,rpsA@K127N,S,{},{},{}
822,NC_000962.2,LID2015A,v1.0,GARC1,RUS,PZA,rpsA@K167Q,S,{},{},{}
823,NC_000962.2,LID2015A,v1.0,GARC1,RUS,PZA,rpsA@K300E,S,{},{},{}
824,NC_000962.2,LID2015A,v1.0,GARC1,RUS,PZA,rpsA@M432T,S,{},{},{}
825,NC_000962.2,LID2015A,v1.0,GARC1,RUS,PZA,rpsA@N77K,S,{},{},{}
826,NC_000962.2,LID2015A,v1.0,GARC1,RUS,PZA,rpsA@P163S,S,{},{},{}
827,NC_000962.2,LID2015A,v1.0,GARC1,RUS,PZA,rpsA@P298S,S,{},{},{}
828,NC_000962.2,LID2015A,v1.0,GARC1,RUS,PZA,rpsA@Q448R,S,{},{},{}
829,NC_000962.2,LID2015A,v1.0,GARC1,RUS,PZA,rpsA@Q469E,S,{},{},{}
830,NC_000962.2,LID2015A,v1.0,GARC1,RUS,PZA,rpsA@S81Y,S,{},{},{}
831,NC_000962.2,LID2015A,v1.0,GARC1,RUS,PZA,rpsA@V260I,S,{},{},{}
832,NC_000962.2,LID2015A,v1.0,GARC1,RUS,PZA,rpsA@c-27t,S,{},{},{}
833,NC_000962.2,LID2015A,v1.0,GARC1,RUS,RIF,rpoB@1396_indel,R,{},{},{}
834,NC_000962.2,LID2015A,v1.0,GARC1,RUS,RIF,rpoB@1427_indel,R,{},{},{}
835,NC_000962.2,LID2015A,v1.0,GARC1,RUS,RIF,rpoB@2646_indel,S,{},{},{}
836,NC_000962.2,LID2015A,v1.0,GARC1,RUS,RIF,rpoB@389_indel,U,{},{},{}
837,NC_000962.2,LID2015A,v1.0,GARC1,RUS,RIF,rpoB@A538V,U,{},{},{}
838,NC_000962.2,LID2015A,v1.0,GARC1,RUS,RIF,rpoB@A544V,S,{},{},{}
839,NC_000962.2,LID2015A,v1.0,GARC1,RUS,RIF,rpoB@A69P,S,{},{},{}
840,NC_000962.2,LID2015A,v1.0,GARC1,RUS,RIF,rpoB@A857T,S,{},{},{}
841,NC_000962.2,LID2015A,v1.0,GARC1,RUS,RIF,rpoB@D270E,S,{},{},{}
842,NC_000962.2,LID2015A,v1.0,GARC1,RUS,RIF,rpoB@D3G,S,{},{},{}
843,NC_000962.2,LID2015A,v1.0,GARC1,RUS,RIF,rpoB@D435F,R,{},{},{}
844,NC_000962.2,LID2015A,v1.0,GARC1,RUS,RIF,rpoB@D435V,R,{},{},{}
845,NC_000962.2,LID2015A,v1.0,GARC1,RUS,RIF,rpoB@D435Y,S,{},{},{}
846,NC_000962.2,LID2015A,v1.0,GARC1,RUS,RIF,rpoB@D515Y,S,{},{},{}
847,NC_000962.2,LID2015A,v1.0,GARC1,RUS,RIF,rpoB@D634G,S,{},{},{}
848,NC_000962.2,LID2015A,v1.0,GARC1,RUS,RIF,rpoB@E1169A,S,{},{},{}
849,NC_000962.2,LID2015A,v1.0,GARC1,RUS,RIF,rpoB@E132D,S,{},{},{}
850,NC_000962.2,LID2015A,v1.0,GARC1,RUS,RIF,rpoB@E639D,U,{},{},{}
851,NC_000962.2,LID2015A,v1.0,GARC1,RUS,RIF,rpoB@E66K,S,{},{},{}
852,NC_000962.2,LID2015A,v1.0,GARC1,RUS,RIF,rpoB@E825G,S,{},{},{}
853,NC_000962.2,LID2015A,v1.0,GARC1,RUS,RIF,rpoB@G890D,S,{},{},{}
854,NC_000962.2,LID2015A,v1.0,GARC1,RUS,RIF,rpoB@H343Q,S,{},{},{}
855,NC_000962.2,LID2015A,v1.0,GARC1,RUS,RIF,rpoB@H445D,R,{},{},{}
856,NC_000962.2,LID2015A,v1.0,GARC1,RUS,RIF,rpoB@H445N,R,{},{},{}
857,NC_000962.2,LID2015A,v1.0,GARC1,RUS,RIF,rpoB@H445R,R,{},{},{}
858,NC_000962.2,LID2015A,v1.0,GARC1,RUS,RIF,rpoB@H445Y,R,{},{},{}
859,NC_000962.2,LID2015A,v1.0,GARC1,RUS,RIF,rpoB@H674Q,S,{},{},{}
860,NC_000962.2,LID2015A,v1.0,GARC1,RUS,RIF,rpoB@I480V,U,{},{},{}
861,NC_000962.2,LID2015A,v1.0,GARC1,RUS,RIF,rpoB@I491F,R,{},{},{}
862,NC_000962.2,LID2015A,v1.0,GARC1,RUS,RIF,rpoB@K944E,S,{},{},{}
863,NC_000962.2,LID2015A,v1.0,GARC1,RUS,RIF,rpoB@L314V,S,{},{},{}
864,NC_000962.2,LID2015A,v1.0,GARC1,RUS,RIF,rpoB@L316V,S,{},{},{}
865,NC_000962.2,LID2015A,v1.0,GARC1,RUS,RIF,rpoB@L430P,S,{},{},{}
866,NC_000962.2,LID2015A,v1.0,GARC1,RUS,RIF,rpoB@L452P,R,{},{},{}
867,NC_000962.2,LID2015A,v1.0,GARC1,RUS,RIF,rpoB@L893R,S,{},{},{}
868,NC_000962.2,LID2015A,v1.0,GARC1,RUS,RIF,rpoB@M121I,S,{},{},{}
869,NC_000962.2,LID2015A,v1.0,GARC1,RUS,RIF,rpoB@M390T,S,{},{},{}
870,NC_000962.2,LID2015A,v1.0,GARC1,RUS,RIF,rpoB@N24D,S,{},{},{}
871,NC_000962.2,LID2015A,v1.0,GARC1,RUS,RIF,rpoB@P30S,S,{},{},{}
872,NC_000962.2,LID2015A,v1.0,GARC1,RUS,RIF,rpoB@P358L,S,{},{},{}
873,NC_000962.2,LID2015A,v1.0,GARC1,RUS,RIF,rpoB@P45S,U,{},{},{}
874,NC_000962.2,LID2015A,v1.0,GARC1,RUS,RIF,rpoB@P834L,S,{},{},{}
875,NC_000962.2,LID2015A,v1.0,GARC1,RUS,RIF,rpoB@P89L,S,{},{},{}
876,NC_000962.2,LID2015A,v1.0,GARC1,RUS,RIF,rpoB@Q432K,R,{},{},{}
877,NC_000962.2,LID2015A,v1.0,GARC1,RUS,RIF,rpoB@Q975H,U,{},{},{}
878,NC_000962.2,LID2015A,v1.0,GARC1,RUS,RIF,rpoB@R219C,U,{},{},{}
879,NC_000962.2,LID2015A,v1.0,GARC1,RUS,RIF,rpoB@R511L,S,{},{},{}
880,NC_000962.2,LID2015A,v1.0,GARC1,RUS,RIF,rpoB@S388L,S,{},{},{}
881,NC_000962.2,LID2015A,v1.0,GARC1,RUS,RIF,rpoB@S431G,R,{},{},{}
882,NC_000962.2,LID2015A,v1.0,GARC1,RUS,RIF,rpoB@S450F,R,{},{},{}
883,NC_000962.2,LID2015A,v1.0,GARC1,RUS,RIF,rpoB@S450L,R,{},{},{}
884,NC_000962.2,LID2015A,v1.0,GARC1,RUS,RIF,rpoB@S450W,R,{},{},{}
885,NC_000962.2,LID2015A,v1.0,GARC1,RUS,RIF,rpoB@S874F,U,{},{},{}
886,NC_000962.2,LID2015A,v1.0,GARC1,RUS,RIF,rpoB@T350I,S,{},{},{}
887,NC_000962.2,LID2015A,v1.0,GARC1,RUS,RIF,rpoB@T526S,S,{},{},{}
888,NC_000962.2,LID2015A,v1.0,GARC1,RUS,RIF,rpoB@V109I,S,{},{},{}
889,NC_000962.2,LID2015A,v1.0,GARC1,RUS,RIF,rpoB@V1129A,S,{},{},{}
890,NC_000962.2,LID2015A,v1.0,GARC1,RUS,RIF,rpoB@V168A,U,{},{},{}
891,NC_000962.2,LID2015A,v1.0,GARC1,RUS,RIF,rpoB@V170F,R,{},{},{}
892,NC_000962.2,LID2015A,v1.0,GARC1,RUS,RIF,rpoB@V179A,S,{},{},{}
893,NC_000962.2,LID2015A,v1.0,GARC1,RUS,RIF,rpoB@V262A,R,{},{},{}
894,NC_000962.2,LID2015A,v1.0,GARC1,RUS,RIF,rpoB@V359A,R,{},{},{}
895,NC_000962.2,LID2015A,v1.0,GARC1,RUS,RIF,rpoB@V496A,U,{},{},{}
896,NC_000962.2,LID2015A,v1.0,GARC1,RUS,RIF,rpoB@V77M,S,{},{},{}
897,NC_000962.2,LID2015A,v1.0,GARC1,RUS,RIF,rpoB@a-53g,S,{},{},{}
898,NC_000962.2,LID2015A,v1.0,GARC1,RUS,RIF,rpoB@g-96a,S,{},{},{}
899,NC_000962.2,LID2015A,v1.0,GARC1,RUS,RIF,rpoB@t-6c,S,{},{},{}
900,NC_000962.2,LID2015A,v1.0,GARC1,RUS,STM,gidB@141_indel,R,{},{},{}
901,NC_000962.2,LID2015A,v1.0,GARC1,RUS,STM,gidB@202_indel,R,{},{},{}
902,NC_000962.2,LID2015A,v1.0,GARC1,RUS,STM,gidB@215_indel,S,{},{},{}
903,NC_000962.2,LID2015A,v1.0,GARC1,RUS,STM,gidB@229_indel,S,{},{},{}
904,NC_000962.2,LID2015A,v1.0,GARC1,RUS,STM,gidB@451_indel,U,{},{},{}
905,NC_000962.2,LID2015A,v1.0,GARC1,RUS,STM,gidB@504_indel,U,{},{},{}
906,NC_000962.2,LID2015A,v1.0,GARC1,RUS,STM,gidB@618_indel,S,{},{},{}
907,NC_000962.2,LID2015A,v1.0,GARC1,RUS,STM,gidB@A10P,S,{},{},{}
908,NC_000962.2,LID2015A,v1.0,GARC1,RUS,STM,gidB@A10V,S,{},{},{}
909,NC_000962.2,LID2015A,v1.0,GARC1,RUS,STM,gidB@A133G,S,{},{},{}
910,NC_000962.2,LID2015A,v1.0,GARC1,RUS,STM,gidB@A133P,S,{},{},{}
911,NC_000962.2,LID2015A,v1.0,GARC1,RUS,STM,gidB@A134E,R,{},{},{}
912,NC_000962.2,LID2015A,v1.0,GARC1,RUS,STM,gidB@A138T,R,{},{},{}
913,NC_000962.2,LID2015A,v1.0,GARC1,RUS,STM,gidB@A138V,R,{},{},{}
914,NC_000962.2,LID2015A,v1.0,GARC1,RUS,STM,gidB@A200E,R,{},{},{}
915,NC_000962.2,LID2015A,v1.0,GARC1,RUS,STM,gidB@A27P,S,{},{},{}
916,NC_000962.2,LID2015A,v1.0,GARC1,RUS,STM,gidB@A80P,R,{},{},{}
917,NC_000962.2,LID2015A,v1.0,GARC1,RUS,STM,gidB@A8V,U,{},{},{}
918,NC_000962.2,LID2015A,v1.0,GARC1,RUS,STM,gidB@C52Y,S,{},{},{}
919,NC_000962.2,LID2015A,v1.0,GARC1,RUS,STM,gidB@D67A,S,{},{},{}
920,NC_000962.2,LID2015A,v1.0,GARC1,RUS,STM,gidB@E57K,S,{},{},{}
921,NC_000962.2,LID2015A,v1.0,GARC1,RUS,STM,gidB@E92G,S,{},{},{}
922,NC_000962.2,LID2015A,v1.0,GARC1,RUS,STM,gidB@G117R,S,{},{},{}
923,NC_000962.2,LID2015A,v1.0,GARC1,RUS,STM,gidB@G34A,U,{},{},{}
924,NC_000962.2,LID2015A,v1.0,GARC1,RUS,STM,gidB@G69D,R,{},{},{}
925,NC_000962.2,LID2015A,v1.0,GARC1,RUS,STM,gidB@H48N,R,{},{},{}
926,NC_000962.2,LID2015A,v1.0,GARC1,RUS,STM,gidB@H48Y,S,{},{},{}
927,NC_000962.2,LID2015A,v1.0,GARC1,RUS,STM,gidB@L108P,S,{},{},{}
928,NC_000962.2,LID2015A,v1.0,GARC1,RUS,STM,gidB@L152S,S,{},{},{}
929,NC_000962.2,LID2015A,v1.0,GARC1,RUS,STM,gidB@L79S,S,{},{},{}
930,NC_000962.2,LID2015A,v1.0,GARC1,RUS,STM,gidB@L90V,S,{},{},{}
931,NC_000962.2,LID2015A,v1.0,GARC1,RUS,STM,gidB@L91P,R,{},{},{}
932,NC_000962.2,LID2015A,v1.0,GARC1,RUS,STM,gidB@P75L,R,{},{},{}
933,NC_000962.2,LID2015A,v1.0,GARC1,RUS,STM,gidB@P75S,U,{},{},{}
934,NC_000962.2,LID2015A,v1.0,GARC1,RUS,STM,gidB@P78Q,S,{},{},{}
935,NC_000962.2,LID2015A,v1.0,GARC1,RUS,STM,gidB@Q87E,S,{},{},{}
936,NC_000962.2,LID2015A,v1.0,GARC1,RUS,STM,gidB@R137W,R,{},{},{}
937,NC_000962.2,LID2015A,v1.0,GARC1,RUS,STM,gidB@R20Q,S,{},{},{}
938,NC_000962.2,LID2015A,v1.0,GARC1,RUS,STM,gidB@S136!,S,{},{},{}
939,NC_000962.2,LID2015A,v1.0,GARC1,RUS,STM,gidB@S149R,S,{},{},{}
940,NC_000962.2,LID2015A,v1.0,GARC1,RUS,STM,gidB@S70N,R,{},{},{}
941,NC_000962.2,LID2015A,v1.0,GARC1,RUS,STM,gidB@S70R,S,{},{},{}
942,NC_000962.2,LID2015A,v1.0,GARC1,RUS,STM,gidB@V139L,S,{},{},{}
943,NC_000962.2,LID2015A,v1.0,GARC1,RUS,STM,gidB@V65G,R,{},{},{}
944,NC_000962.2,LID2015A,v1.0,GARC1,RUS,STM,gidB@V66G,S,{},{},{}
945,NC_000962.2,LID2015A,v1.0,GARC1,RUS,STM,gidB@V77A,S,{},{},{}
946,NC_000962.2,LID2015A,v1.0,GARC1,RUS,STM,gidB@V77G,S,{},{},{}
947,NC_000962.2,LID2015A,v1.0,GARC1,RUS,STM,gidB@V88A,R,{},{},{}
948,NC_000962.2,LID2015A,v1.0,GARC1,RUS,STM,gidB@Y195H,S,{},{},{}
949,NC_000962.2,LID2015A,v1.0,GARC1,RUS,STM,rpsL@K43R,R,{},{},{}
950,NC_000962.2,LID2015A,v1.0,GARC1,RUS,STM,rpsL@K88R,R,{},{},{}
951,NC_000962.2,LID2015A,v1.0,GARC1,RUS,STM,rpsL@K88T,U,{},{},{}
952,NC_000962.2,LID2015A,v1.0,GARC1,RUS,STM,rpsL@c-21a,S,{},{},{}
953,NC_000962.2,LID2015A,v1.0,GARC1,RUS,STM,rpsL@g-58t,U,{},{},{}
954,NC_000962.2,LID2015A,v1.0,GARC1,RUS,STM,rpsL@g-72a,S,{},{},{}
955,NC_000962.2,LID2015A,v1.0,GARC1,RUS,STM,rrs@1206_indel,S,{},{},{}
956,NC_000962.2,LID2015A,v1.0,GARC1,RUS,STM,rrs@63_indel,S,{},{},{}
957,NC_000962.2,LID2015A,v1.0,GARC1,RUS,STM,rrs@a1278g,S,{},{},{}
958,NC_000962.2,LID2015A,v1.0,GARC1,RUS,STM,rrs@a1401g,U,{},{},{}
959,NC_000962.2,LID2015A,v1.0,GARC1,RUS,STM,rrs@a170g,U,{},{},{}
960,NC_000962.2,LID2015A,v1.0,GARC1,RUS,STM,rrs@a335c,S,{},{},{}
961,NC_000962.2,LID2015A,v1.0,GARC1,RUS,STM,rrs@a514c,R,{},{},{}
962,NC_000962.2,LID2015A,v1.0,GARC1,RUS,STM,rrs@c1257t,S,{},{},{}
963,NC_000962.2,LID2015A,v1.0,GARC1,RUS,STM,rrs@c1346t,S,{},{},{}
964,NC_000962.2,LID2015A,v1.0,GARC1,RUS,STM,rrs@c22t,S,{},{},{}
965,NC_000962.2,LID2015A,v1.0,GARC1,RUS,STM,rrs@c513t,R,{},{},{}
966,NC_000962.2,LID2015A,v1.0,GARC1,RUS,STM,rrs@c517t,R,{},{},{}
967,NC_000962.2,LID2015A,v1.0,GARC1,RUS,STM,rrs@g1068a,S,{},{},{}
968,NC_000962.2,LID2015A,v1.0,GARC1,RUS,STM,rrs@g1176a,S,{},{},{}
969,NC_000962.2,LID2015A,v1.0,GARC1,RUS,STM,rrs@g1353t,S,{},{},{}
970,NC_000962.2,LID2015A,v1.0,GARC1,RUS,STM,rrs@g1379a,S,{},{},{}
971,NC_000962.2,LID2015A,v1.0,GARC1,RUS,STM,rrs@g349a,S,{},{},{}
972,NC_000962.2,LID2015A,v1.0,GARC1,RUS,STM,rrs@g754a,S,{},{},{}
973,NC_000962.2,LID2015A,v1.0,GARC1,RUS,STM,rrs@t-4g,S,{},{},{}
974,NC_000962.2,LID2015A,v1.0,GARC1,RUS,STM,rrs@t1360c,S,{},{},{}
975,NC_000962.2,LID2015A,v1.0,GARC1,RUS,STM,rrs@t200a,S,{},{},{}
976,NC_000962.2,LID2015A,v1.0,GARC1,RUS,STM,tlyA@D35G,S,{},{},{}
977,NC_000962.2,LID2015A,v1.0,GARC1,RUS,STM,tlyA@E257A,S,{},{},{}
978,NC_000962.2,LID2015A,v1.0,GARC1,RUS,STM,tlyA@L87V,S,{},{},{}
979,NC_000962.2,LID2015A,v1.0,GARC1,RUS,STM,tlyA@V32L,S,{},{},{}
980,NC_000962.2,LID2015A,v1.0,GARC1,RUS,STM,tlyA@c-83t,U,{},{},{}
981,NC_000962.2,LID2015A,v1.0,GARC1,RUS,STM,tlyA@c-89a,S,{},{},{}
982,NC_000962.2,LID2015A,v1.0,GARC1,RUS,EMB,iniA@*=,S,{},{},{}
983,NC_000962.2,LID2015A,v1.0,GARC1,RUS,EMB,iniA@*?,U,{},{},{}
984,NC_000962.2,LID2015A,v1.0,GARC1,RUS,EMB,iniA@-*?,U,{},{},{}
985,NC_000962.2,LID2015A,v1.0,GARC1,RUS,EMB,iniA@*_indel,U,{},{},{}
986,NC_000962.2,LID2015A,v1.0,GARC1,RUS,EMB,iniA@-*_indel,U,{},{},{}
987,NC_000962.2,LID2015A,v1.0,GARC1,RUS,INH,ahpC@*=,S,{},{},{}
988,NC_000962.2,LID2015A,v1.0,GARC1,RUS,INH,ahpC@*?,U,{},{},{}
989,NC_000962.2,LID2015A,v1.0,GARC1,RUS,INH,ahpC@-*?,U,{},{},{}
990,NC_000962.2,LID2015A,v1.0,GARC1,RUS,INH,ahpC@*_indel,U,{},{},{}
991,NC_000962.2,LID2015A,v1.0,GARC1,RUS,INH,ahpC@-*_indel,U,{},{},{}
992,NC_000962.2,LID2015A,v1.0,GARC1,RUS,RIF,rpoB@*=,S,{},{},{}
993,NC_000962.2,LID2015A,v1.0,GARC1,RUS,RIF,rpoB@*?,U,{},{},{}
994,NC_000962.2,LID2015A,v1.0,GARC1,RUS,RIF,rpoB@-*?,U,{},{},{}
995,NC_000962.2,LID2015A,v1.0,GARC1,RUS,RIF,rpoB@*_indel,U,{},{},{}
996,NC_000962.2,LID2015A,v1.0,GARC1,RUS,RIF,rpoB@-*_indel,U,{},{},{}
997,NC_000962.2,LID2015A,v1.0,GARC1,RUS,EMB,embC@*=,S,{},{},{}
998,NC_000962.2,LID2015A,v1.0,GARC1,RUS,EMB,embC@*?,U,{},{},{}
999,NC_000962.2,LID2015A,v1.0,GARC1,RUS,EMB,embC@-*?,U,{},{},{}
1000,NC_000962.2,LID2015A,v1.0,GARC1,RUS,EMB,embC@*_indel,U,{},{},{}
1001,NC_000962.2,LID2015A,v1.0,GARC1,RUS,EMB,embC@-*_indel,U,{},{},{}
1002,NC_000962.2,LID2015A,v1.0,GARC1,RUS,STM,rpsL@*=,S,{},{},{}
1003,NC_000962.2,LID2015A,v1.0,GARC1,RUS,STM,rpsL@*?,U,{},{},{}
1004,NC_000962.2,LID2015A,v1.0,GARC1,RUS,STM,rpsL@-*?,U,{},{},{}
1005,NC_000962.2,LID2015A,v1.0,GARC1,RUS,STM,rpsL@*_indel,U,{},{},{}
1006,NC_000962.2,LID2015A,v1.0,GARC1,RUS,STM,rpsL@-*_indel,U,{},{},{}
1007,NC_000962.2,LID2015A,v1.0,GARC1,RUS,EMB,embR@*=,S,{},{},{}
1008,NC_000962.2,LID2015A,v1.0,GARC1,RUS,EMB,embR@*?,U,{},{},{}
1009,NC_000962.2,LID2015A,v1.0,GARC1,RUS,EMB,embR@-*?,U,{},{},{}
1010,NC_000962.2,LID2015A,v1.0,GARC1,RUS,EMB,embR@*_indel,U,{},{},{}
1011,NC_000962.2,LID2015A,v1.0,GARC1,RUS,EMB,embR@-*_indel,U,{},{},{}
1012,NC_000962.2,LID2015A,v1.0,GARC1,RUS,CIP,gyrA@*=,S,{},{},{}
1013,NC_000962.2,LID2015A,v1.0,GARC1,RUS,CIP,gyrA@*?,U,{},{},{}
1014,NC_000962.2,LID2015A,v1.0,GARC1,RUS,CIP,gyrA@-*?,U,{},{},{}
1015,NC_000962.2,LID2015A,v1.0,GARC1,RUS,CIP,gyrA@*_indel,U,{},{},{}
1016,NC_000962.2,LID2015A,v1.0,GARC1,RUS,CIP,gyrA@-*_indel,U,{},{},{}
1017,NC_000962.2,LID2015A,v1.0,GARC1,RUS,OFX,gyrA@*=,S,{},{},{}
1018,NC_000962.2,LID2015A,v1.0,GARC1,RUS,OFX,gyrA@*?,U,{},{},{}
1019,NC_000962.2,LID2015A,v1.0,GARC1,RUS,OFX,gyrA@-*?,U,{},{},{}
1020,NC_000962.2,LID2015A,v1.0,GARC1,RUS,OFX,gyrA@*_indel,U,{},{},{}
1021,NC_000962.2,LID2015A,v1.0,GARC1,RUS,OFX,gyrA@-*_indel,U,{},{},{}
1022,NC_000962.2,LID2015A,v1.0,GARC1,RUS,EMB,embB@*=,S,{},{},{}
1023,NC_000962.2,LID2015A,v1.0,GARC1,RUS,EMB,embB@*?,U,{},{},{}
1024,NC_000962.2,LID2015A,v1.0,GARC1,RUS,EMB,embB@-*?,U,{},{},{}
1025,NC_000962.2,LID2015A,v1.0,GARC1,RUS,EMB,embB@*_indel,U,{},{},{}
1026,NC_000962.2,LID2015A,v1.0,GARC1,RUS,EMB,embB@-*_indel,U,{},{},{}
1027,NC_000962.2,LID2015A,v1.0,GARC1,RUS,CAP,rrs@*?,U,{},{},{}
1028,NC_000962.2,LID2015A,v1.0,GARC1,RUS,CAP,rrs@-*?,U,{},{},{}
1029,NC_000962.2,LID2015A,v1.0,GARC1,RUS,CAP,rrs@*_indel,U,{},{},{}
1030,NC_000962.2,LID2015A,v1.0,GARC1,RUS,CAP,rrs@-*_indel,U,{},{},{}
1031,NC_000962.2,LID2015A,v1.0,GARC1,RUS,KAN,gidB@*=,S,{},{},{}
1032,NC_000962.2,LID2015A,v1.0,GARC1,RUS,KAN,gidB@*?,U,{},{},{}
1033,NC_000962.2,LID2015A,v1.0,GARC1,RUS,KAN,gidB@-*?,U,{},{},{}
1034,NC_000962.2,LID2015A,v1.0,GARC1,RUS,KAN,gidB@*_indel,U,{},{},{}
1035,NC_000962.2,LID2015A,v1.0,GARC1,RUS,KAN,gidB@-*_indel,U,{},{},{}
1036,NC_000962.2,LID2015A,v1.0,GARC1,RUS,CAP,gidB@*=,S,{},{},{}
1037,NC_000962.2,LID2015A,v1.0,GARC1,RUS,CAP,gidB@*?,U,{},{},{}
1038,NC_000962.2,LID2015A,v1.0,GARC1,RUS,CAP,gidB@-*?,U,{},{},{}
1039,NC_000962.2,LID2015A,v1.0,GARC1,RUS,CAP,gidB@*_indel,U,{},{},{}
1040,NC_000962.2,LID2015A,v1.0,GARC1,RUS,CAP,gidB@-*_indel,U,{},{},{}
1041,NC_000962.2,LID2015A,v1.0,GARC1,RUS,AMI,tlyA@*=,S,{},{},{}
1042,NC_000962.2,LID2015A,v1.0,GARC1,RUS,AMI,tlyA@*?,U,{},{},{}
1043,NC_000962.2,LID2015A,v1.0,GARC1,RUS,AMI,tlyA@-*?,U,{},{},{}
1044,NC_000962.2,LID2015A,v1.0,GARC1,RUS,AMI,tlyA@*_indel,U,{},{},{}
1045,NC_000962.2,LID2015A,v1.0,GARC1,RUS,AMI,tlyA@-*_indel,U,{},{},{}
1046,NC_000962.2,LID2015A,v1.0,GARC1,RUS,INH,ndh@*=,S,{},{},{}
1047,NC_000962.2,LID2015A,v1.0,GARC1,RUS,INH,ndh@*?,U,{},{},{}
1048,NC_000962.2,LID2015A,v1.0,GARC1,RUS,INH,ndh@-*?,U,{},{},{}
1049,NC_000962.2,LID2015A,v1.0,GARC1,RUS,INH,ndh@*_indel,U,{},{},{}
1050,NC_000962.2,LID2015A,v1.0,GARC1,RUS,INH,ndh@-*_indel,U,{},{},{}
1051,NC_000962.2,LID2015A,v1.0,GARC1,RUS,STM,gidB@*=,S,{},{},{}
1052,NC_000962.2,LID2015A,v1.0,GARC1,RUS,STM,gidB@*?,U,{},{},{}
1053,NC_000962.2,LID2015A,v1.0,GARC1,RUS,STM,gidB@-*?,U,{},{},{}
1054,NC_000962.2,LID2015A,v1.0,GARC1,RUS,STM,gidB@*_indel,U,{},{},{}
1055,NC_000962.2,LID2015A,v1.0,GARC1,RUS,STM,gidB@-*_indel,U,{},{},{}
1056,NC_000962.2,LID2015A,v1.0,GARC1,RUS,PZA,rpsA@*=,S,{},{},{}
1057,NC_000962.2,LID2015A,v1.0,GARC1,RUS,PZA,rpsA@*?,U,{},{},{}
1058,NC_000962.2,LID2015A,v1.0,GARC1,RUS,PZA,rpsA@-*?,U,{},{},{}
1059,NC_000962.2,LID2015A,v1.0,GARC1,RUS,PZA,rpsA@*_indel,U,{},{},{}
1060,NC_000962.2,LID2015A,v1.0,GARC1,RUS,PZA,rpsA@-*_indel,U,{},{},{}
1061,NC_000962.2,LID2015A,v1.0,GARC1,RUS,CAP,tlyA@*=,S,{},{},{}
1062,NC_000962.2,LID2015A,v1.0,GARC1,RUS,CAP,tlyA@*?,U,{},{},{}
1063,NC_000962.2,LID2015A,v1.0,GARC1,RUS,CAP,tlyA@-*?,U,{},{},{}
1064,NC_000962.2,LID2015A,v1.0,GARC1,RUS,CAP,tlyA@*_indel,U,{},{},{}
1065,NC_000962.2,LID2015A,v1.0,GARC1,RUS,CAP,tlyA@-*_indel,U,{},{},{}
1066,NC_000962.2,LID2015A,v1.0,GARC1,RUS,KAN,tlyA@*=,S,{},{},{}
1067,NC_000962.2,LID2015A,v1.0,GARC1,RUS,KAN,tlyA@*?,U,{},{},{}
1068,NC_000962.2,LID2015A,v1.0,GARC1,RUS,KAN,tlyA@-*?,U,{},{},{}
1069,NC_000962.2,LID2015A,v1.0,GARC1,RUS,KAN,tlyA@*_indel,U,{},{},{}
1070,NC_000962.2,LID2015A,v1.0,GARC1,RUS,KAN,tlyA@-*_indel,U,{},{},{}
1071,NC_000962.2,LID2015A,v1.0,GARC1,RUS,STM,rrs@*?,U,{},{},{}
1072,NC_000962.2,LID2015A,v1.0,GARC1,RUS,STM,rrs@-*?,U,{},{},{}
1073,NC_000962.2,LID2015A,v1.0,GARC1,RUS,STM,rrs@*_indel,U,{},{},{}
1074,NC_000962.2,LID2015A,v1.0,GARC1,RUS,STM,rrs@-*_indel,U,{},{},{}
1075,NC_000962.2,LID2015A,v1.0,GARC1,RUS,EMB,embA@*=,S,{},{},{}
1076,NC_000962.2,LID2015A,v1.0,GARC1,RUS,EMB,embA@*?,U,{},{},{}
1077,NC_000962.2,LID2015A,v1.0,GARC1,RUS,EMB,embA@-*?,U,{},{},{}
1078,NC_000962.2,LID2015A,v1.0,GARC1,RUS,EMB,embA@*_indel,U,{},{},{}
1079,NC_000962.2,LID2015A,v1.0,GARC1,RUS,EMB,embA@-*_indel,U,{},{},{}
1080,NC_000962.2,LID2015A,v1.0,GARC1,RUS,STM,tlyA@*=,S,{},{},{}
1081,NC_000962.2,LID2015A,v1.0,GARC1,RUS,STM,tlyA@*?,U,{},{},{}
1082,NC_000962.2,LID2015A,v1.0,GARC1,RUS,STM,tlyA@-*?,U,{},{},{}
1083,NC_000962.2,LID2015A,v1.0,GARC1,RUS,STM,tlyA@*_indel,U,{},{},{}
1084,NC_000962.2,LID2015A,v1.0,GARC1,RUS,STM,tlyA@-*_indel,U,{},{},{}
1085,NC_000962.2,LID2015A,v1.0,GARC1,RUS,AMI,rrs@*?,U,{},{},{}
1086,NC_000962.2,LID2015A,v1.0,GARC1,RUS,AMI,rrs@-*?,U,{},{},{}
1087,NC_000962.2,LID2015A,v1.0,GARC1,RUS,AMI,rrs@*_indel,U,{},{},{}
1088,NC_000962.2,LID2015A,v1.0,GARC1,RUS,AMI,rrs@-*_indel,U,{},{},{}
1089,NC_000962.2,LID2015A,v1.0,GARC1,RUS,OFX,gyrB@*=,S,{},{},{}
1090,NC_000962.2,LID2015A,v1.0,GARC1,RUS,OFX,gyrB@*?,U,{},{},{}
1091,NC_000962.2,LID2015A,v1.0,GARC1,RUS,OFX,gyrB@-*?,U,{},{},{}
1092,NC_000962.2,LID2015A,v1.0,GARC1,RUS,OFX,gyrB@*_indel,U,{},{},{}
1093,NC_000962.2,LID2015A,v1.0,GARC1,RUS,OFX,gyrB@-*_indel,U,{},{},{}
1094,NC_000962.2,LID2015A,v1.0,GARC1,RUS,PZA,pncA@*=,S,{},{},{}
1095,NC_000962.2,LID2015A,v1.0,GARC1,RUS,PZA,pncA@*?,U,{},{},{}
1096,NC_000962.2,LID2015A,v1.0,GARC1,RUS,PZA,pncA@-*?,U,{},{},{}
1097,NC_000962.2,LID2015A,v1.0,GARC1,RUS,PZA,pncA@*_indel,U,{},{},{}
1098,NC_000962.2,LID2015A,v1.0,GARC1,RUS,PZA,pncA@-*_indel,U,{},{},{}
1099,NC_000962.2,LID2015A,v1.0,GARC1,RUS,INH,inhA@*=,S,{},{},{}
1100,NC_000962.2,LID2015A,v1.0,GARC1,RUS,INH,inhA@*?,U,{},{},{}
1101,NC_000962.2,LID2015A,v1.0,GARC1,RUS,INH,inhA@-*?,U,{},{},{}
1102,NC_000962.2,LID2015A,v1.0,GARC1,RUS,INH,inhA@*_indel,U,{},{},{}
1103,NC_000962.2,LID2015A,v1.0,GARC1,RUS,INH,inhA@-*_indel,U,{},{},{}
1104,NC_000962.2,LID2015A,v1.0,GARC1,RUS,EMB,rmlD@*=,S,{},{},{}
1105,NC_000962.2,LID2015A,v1.0,GARC1,RUS,EMB,rmlD@*?,U,{},{},{}
1106,NC_000962.2,LID2015A,v1.0,GARC1,RUS,EMB,rmlD@-*?,U,{},{},{}
1107,NC_000962.2,LID2015A,v1.0,GARC1,RUS,EMB,rmlD@*_indel,U,{},{},{}
1108,NC_000962.2,LID2015A,v1.0,GARC1,RUS,EMB,rmlD@-*_indel,U,{},{},{}
1109,NC_000962.2,LID2015A,v1.0,GARC1,RUS,AMI,gidB@*=,S,{},{},{}
1110,NC_000962.2,LID2015A,v1.0,GARC1,RUS,AMI,gidB@*?,U,{},{},{}
1111,NC_000962.2,LID2015A,v1.0,GARC1,RUS,AMI,gidB@-*?,U,{},{},{}
1112,NC_000962.2,LID2015A,v1.0,GARC1,RUS,AMI,gidB@*_indel,U,{},{},{}
1113,NC_000962.2,LID2015A,v1.0,GARC1,RUS,AMI,gidB@-*_indel,U,{},{},{}
1114,NC_000962.2,LID2015A,v1.0,GARC1,RUS,MXF,gyrA@*=,S,{},{},{}
1115,NC_000962.2,LID2015A,v1.0,GARC1,RUS,MXF,gyrA@*?,U,{},{},{}
1116,NC_000962.2,LID2015A,v1.0,GARC1,RUS,MXF,gyrA@-*?,U,{},{},{}
1117,NC_000962.2,LID2015A,v1.0,GARC1,RUS,MXF,gyrA@*_indel,U,{},{},{}
1118,NC_000962.2,LID2015A,v1.0,GARC1,RUS,MXF,gyrA@-*_indel,U,{},{},{}
1119,NC_000962.2,LID2015A,v1.0,GARC1,RUS,KAN,rrs@*?,U,{},{},{}
1120,NC_000962.2,LID2015A,v1.0,GARC1,RUS,KAN,rrs@-*?,U,{},{},{}
1121,NC_000962.2,LID2015A,v1.0,GARC1,RUS,KAN,rrs@*_indel,U,{},{},{}
1122,NC_000962.2,LID2015A,v1.0,GARC1,RUS,KAN,rrs@-*_indel,U,{},{},{}
1123,NC_000962.2,LID2015A,v1.0,GARC1,RUS,INH,fabG1@*=,S,{},{},{}
1124,NC_000962.2,LID2015A,v1.0,GARC1,RUS,INH,fabG1@*?,U,{},{},{}
1125,NC_000962.2,LID2015A,v1.0,GARC1,RUS,INH,fabG1@-*?,U,{},{},{}
1126,NC_000962.2,LID2015A,v1.0,GARC1,RUS,INH,fabG1@*_indel,U,{},{},{}
1127,NC_000962.2,LID2015A,v1.0,GARC1,RUS,INH,fabG1@-*_indel,U,{},{},{}
1128,NC_000962.2,LID2015A,v1.0,GARC1,RUS,INH,katG@*=,S,{},{},{}
1129,NC_000962.2,LID2015A,v1.0,GARC1,RUS,INH,katG@*?,U,{},{},{}
1130,NC_000962.2,LID2015A,v1.0,GARC1,RUS,INH,katG@-*?,U,{},{},{}
1131,NC_000962.2,LID2015A,v1.0,GARC1,RUS,INH,katG@*_indel,U,{},{},{}
1132,NC_000962.2,LID2015A,v1.0,GARC1,RUS,INH,katG@-*_indel,U,{},{},{}
1133,NC_000962.2,LID2015A,v1.0,GARC1,RUS,EMB,manB@*=,S,{},{},{}
1134,NC_000962.2,LID2015A,v1.0,GARC1,RUS,EMB,manB@*?,U,{},{},{}
1135,NC_000962.2,LID2015A,v1.0,GARC1,RUS,EMB,manB@-*?,U,{},{},{}
1136,NC_000962.2,LID2015A,v1.0,GARC1,RUS,EMB,manB@*_indel,U,{},{},{}
1137,NC_000962.2,LID2015A,v1.0,GARC1,RUS,EMB,manB@-*_indel,U,{},{},{}
1138,NC_000962.2,LID2015A,v1.0,GARC1,RUS,CIP,gyrB@*=,S,{},{},{}
1139,NC_000962.2,LID2015A,v1.0,GARC1,RUS,CIP,gyrB@*?,U,{},{},{}
1140,NC_000962.2,LID2015A,v1.0,GARC1,RUS,CIP,gyrB@-*?,U,{},{},{}
1141,NC_000962.2,LID2015A,v1.0,GARC1,RUS,CIP,gyrB@*_indel,U,{},{},{}
1142,NC_000962.2,LID2015A,v1.0,GARC1,RUS,CIP,gyrB@-*_indel,U,{},{},{}
1143,NC_000962.2,LID2015A,v1.0,GARC1,RUS,MXF,gyrB@*=,S,{},{},{}
1144,NC_000962.2,LID2015A,v1.0,GARC1,RUS,MXF,gyrB@*?,U,{},{},{}
1145,NC_000962.2,LID2015A,v1.0,GARC1,RUS,MXF,gyrB@-*?,U,{},{},{}
1146,NC_000962.2,LID2015A,v1.0,GARC1,RUS,MXF,gyrB@*_indel,U,{},{},{}
1147,NC_000962.2,LID2015A,v1.0,GARC1,RUS,MXF,gyrB@-*_indel,U,{},{},{}
1148,NC_000962.2,LID2015A,v1.0,GARC1,RUS,EMB,iniC@*=,S,{},{},{}
1149,NC_000962.2,LID2015A,v1.0,GARC1,RUS,EMB,iniC@*?,U,{},{},{}
1150,NC_000962.2,LID2015A,v1.0,GARC1,RUS,EMB,iniC@-*?,U,{},{},{}
1151,NC_000962.2,LID2015A,v1.0,GARC1,RUS,EMB,iniC@*_indel,U,{},{},{}
1152,NC_000962.2,LID2015A,v1.0,GARC1,RUS,EMB,iniC@-*_indel,U,{},{},{}
1153,NC_000962.2,LID2015A,v1.0,GARC1,RUS,KAN,eis@*=,S,{},{},{}
1154,NC_000962.2,LID2015A,v1.0,GARC1,RUS,KAN,eis@*?,U,{},{},{}
1155,NC_000962.2,LID2015A,v1.0,GARC1,RUS,KAN,eis@-*?,U,{},{},{}
1156,NC_000962.2,LID2015A,v1.0,GARC1,RUS,KAN,eis@*_indel,U,{},{},{}
1157,NC_000962.2,LID2015A,v1.0,GARC1,RUS,KAN,eis@-*_indel,U,{},{},{}
