CATALOGUE_NAME,GENBANK_REFERENCE,DRUG,GENE,MUTATION,POSITION,GENE_TYPE,VARIANT_AFFECTS,VARIANT_TYPE,INDEL_1,INDEL_2,INDEL_3,SOURCE,PREDICTION
LID2015A,NC_000962.2,AMI,gidB,202_indel,202,GENE,CDS,INDEL,202_del,202_del_1,,,U
LID2015A,NC_000962.2,AMI,gidB,215_indel,215,GENE,CDS,INDEL,215_del,215_del_1,,,S
LID2015A,NC_000962.2,AMI,gidB,486_indel,486,GENE,CDS,INDEL,486_del,486_del_1,,,S
LID2015A,NC_000962.2,AMI,gidB,A10P,10,GENE,CDS,SNP,,,,,S
LID2015A,NC_000962.2,AMI,gidB,A133G,133,GENE,CDS,SNP,,,,,S
LID2015A,NC_000962.2,AMI,gidB,A134E,134,GENE,CDS,SNP,,,,,S
LID2015A,NC_000962.2,AMI,gidB,A27P,27,GENE,CDS,SNP,,,,,S
LID2015A,NC_000962.2,AMI,gidB,A80P,80,GENE,CDS,SNP,,,,,S
LID2015A,NC_000962.2,AMI,gidB,A8V,8,GENE,CDS,SNP,,,,,S
LID2015A,NC_000962.2,AMI,gidB,E113!,113,GENE,CDS,SNP,,,,,S
LID2015A,NC_000962.2,AMI,gidB,G117R,117,GENE,CDS,SNP,,,,,S
LID2015A,NC_000962.2,AMI,gidB,G69D,69,GENE,CDS,SNP,,,,,S
LID2015A,NC_000962.2,AMI,gidB,H48N,48,GENE,CDS,SNP,,,,,S
LID2015A,NC_000962.2,AMI,gidB,L108P,108,GENE,CDS,SNP,,,,,U
LID2015A,NC_000962.2,AMI,gidB,L79S,79,GENE,CDS,SNP,,,,,S
LID2015A,NC_000962.2,AMI,gidB,L79W,79,GENE,CDS,SNP,,,,,S
LID2015A,NC_000962.2,AMI,gidB,P75L,75,GENE,CDS,SNP,,,,,S
LID2015A,NC_000962.2,AMI,gidB,P75S,75,GENE,CDS,SNP,,,,,S
LID2015A,NC_000962.2,AMI,gidB,P78R,78,GENE,CDS,SNP,,,,,S
LID2015A,NC_000962.2,AMI,gidB,R47W,47,GENE,CDS,SNP,,,,,S
LID2015A,NC_000962.2,AMI,gidB,S70R,70,GENE,CDS,SNP,,,,,S
LID2015A,NC_000962.2,AMI,gidB,V124G,124,GENE,CDS,SNP,,,,,S
LID2015A,NC_000962.2,AMI,gidB,V139L,139,GENE,CDS,SNP,,,,,S
LID2015A,NC_000962.2,AMI,gidB,V77A,77,GENE,CDS,SNP,,,,,S
LID2015A,NC_000962.2,AMI,gidB,V77G,77,GENE,CDS,SNP,,,,,S
LID2015A,NC_000962.2,AMI,gidB,Y195H,195,GENE,CDS,SNP,,,,,S
LID2015A,NC_000962.2,AMI,gidB,g-73a,-73,GENE,PROM,SNP,,,,,S
LID2015A,NC_000962.2,AMI,rrs,a1401g,1401,RNA,RNA,SNP,,,,,R
LID2015A,NC_000962.2,AMI,rrs,a514c,514,RNA,RNA,SNP,,,,,U
LID2015A,NC_000962.2,AMI,rrs,a906g,906,RNA,RNA,SNP,,,,,S
LID2015A,NC_000962.2,AMI,rrs,c-69a,-69,RNA,PROM,SNP,,,,,S
LID2015A,NC_000962.2,AMI,rrs,c517t,517,RNA,RNA,SNP,,,,,S
LID2015A,NC_000962.2,AMI,rrs,c905a,905,RNA,RNA,SNP,,,,,S
LID2015A,NC_000962.2,AMI,rrs,g1379a,1379,RNA,RNA,SNP,,,,,S
LID2015A,NC_000962.2,AMI,rrs,t-4g,-4,RNA,PROM,SNP,,,,,S
LID2015A,NC_000962.2,AMI,rrs,t200a,200,RNA,RNA,SNP,,,,,S
LID2015A,NC_000962.2,AMI,tlyA,H68R,68,GENE,CDS,SNP,,,,,S
LID2015A,NC_000962.2,AMI,tlyA,S156A,156,GENE,CDS,SNP,,,,,S
LID2015A,NC_000962.2,AMI,tlyA,c-83t,-83,GENE,PROM,SNP,,,,,S
LID2015A,NC_000962.2,CAP,gidB,202_indel,202,GENE,CDS,INDEL,202_del,202_del_1,,,U
LID2015A,NC_000962.2,CAP,gidB,215_indel,215,GENE,CDS,INDEL,215_del,215_del_1,,,S
LID2015A,NC_000962.2,CAP,gidB,486_indel,486,GENE,CDS,INDEL,486_del,486_del_1,,,S
LID2015A,NC_000962.2,CAP,gidB,A10P,10,GENE,CDS,SNP,,,,,S
LID2015A,NC_000962.2,CAP,gidB,A133G,133,GENE,CDS,SNP,,,,,S
LID2015A,NC_000962.2,CAP,gidB,A134E,134,GENE,CDS,SNP,,,,,S
LID2015A,NC_000962.2,CAP,gidB,A27P,27,GENE,CDS,SNP,,,,,S
LID2015A,NC_000962.2,CAP,gidB,A80P,80,GENE,CDS,SNP,,,,,S
LID2015A,NC_000962.2,CAP,gidB,A8V,8,GENE,CDS,SNP,,,,,S
LID2015A,NC_000962.2,CAP,gidB,E113!,113,GENE,CDS,SNP,,,,,S
LID2015A,NC_000962.2,CAP,gidB,G117R,117,GENE,CDS,SNP,,,,,S
LID2015A,NC_000962.2,CAP,gidB,G69D,69,GENE,CDS,SNP,,,,,S
LID2015A,NC_000962.2,CAP,gidB,H48N,48,GENE,CDS,SNP,,,,,S
LID2015A,NC_000962.2,CAP,gidB,L108P,108,GENE,CDS,SNP,,,,,U
LID2015A,NC_000962.2,CAP,gidB,L79S,79,GENE,CDS,SNP,,,,,S
LID2015A,NC_000962.2,CAP,gidB,L79W,79,GENE,CDS,SNP,,,,,S
LID2015A,NC_000962.2,CAP,gidB,P75L,75,GENE,CDS,SNP,,,,,S
LID2015A,NC_000962.2,CAP,gidB,P75S,75,GENE,CDS,SNP,,,,,S
LID2015A,NC_000962.2,CAP,gidB,P78R,78,GENE,CDS,SNP,,,,,S
LID2015A,NC_000962.2,CAP,gidB,R47W,47,GENE,CDS,SNP,,,,,S
LID2015A,NC_000962.2,CAP,gidB,V124G,124,GENE,CDS,SNP,,,,,S
LID2015A,NC_000962.2,CAP,gidB,V139L,139,GENE,CDS,SNP,,,,,S
LID2015A,NC_000962.2,CAP,gidB,V77A,77,GENE,CDS,SNP,,,,,S
LID2015A,NC_000962.2,CAP,gidB,V77G,77,GENE,CDS,SNP,,,,,S
LID2015A,NC_000962.2,CAP,gidB,Y195H,195,GENE,CDS,SNP,,,,,S
LID2015A,NC_000962.2,CAP,gidB,g-73a,-73,GENE,PROM,SNP,,,,,S
LID2015A,NC_000962.2,CAP,rrs,a1401g,1401,RNA,RNA,SNP,,,,,R
LID2015A,NC_000962.2,CAP,rrs,a514c,514,RNA,RNA,SNP,,,,,U
LID2015A,NC_000962.2,CAP,rrs,a906g,906,RNA,RNA,SNP,,,,,S
LID2015A,NC_000962.2,CAP,rrs,c-69a,-69,RNA,PROM,SNP,,,,,S
LID2015A,NC_000962.2,CAP,rrs,c517t,517,RNA,RNA,SNP,,,,,S
LID2015A,NC_000962.2,CAP,rrs,c905a,905,RNA,RNA,SNP,,,,,S
LID2015A,NC_000962.2,CAP,rrs,g1379a,1379,RNA,RNA,SNP,,,,,S
LID2015A,NC_000962.2,CAP,rrs,t-4g,-4,RNA,PROM,SNP,,,,,S
LID2015A,NC_000962.2,CAP,rrs,t200a,200,RNA,RNA,SNP,,,,,S
LID2015A,NC_000962.2,CAP,tlyA,H68R,68,GENE,CDS,SNP,,,,,S
LID2015A,NC_000962.2,CAP,tlyA,S156A,156,GENE,CDS,SNP,,,,,S
LID2015A,NC_000962.2,CAP,tlyA,c-83t,-83,GENE,PROM,SNP,,,,,R
LID2015A,NC_000962.2,CIP,gyrA,A456G,456,GENE,CDS,SNP,,,,,S
LID2015A,NC_000962.2,CIP,gyrA,A456V,456,GENE,CDS,SNP,,,,,S
LID2015A,NC_000962.2,CIP,gyrA,A463S,463,GENE,CDS,SNP,,,,,S
LID2015A,NC_000962.2,CIP,gyrA,A74S,74,GENE,CDS,SNP,,,,,R
LID2015A,NC_000962.2,CIP,gyrA,A90G,90,GENE,CDS,SNP,,,,,S
LID2015A,NC_000962.2,CIP,gyrA,A90V,90,GENE,CDS,SNP,,,,,U
LID2015A,NC_000962.2,CIP,gyrA,D641E,641,GENE,CDS,SNP,,,,,U
LID2015A,NC_000962.2,CIP,gyrA,D94G,94,GENE,CDS,SNP,,,,,R
LID2015A,NC_000962.2,CIP,gyrA,D94H,94,GENE,CDS,SNP,,,,,S
LID2015A,NC_000962.2,CIP,gyrA,E214D,214,GENE,CDS,SNP,,,,,S
LID2015A,NC_000962.2,CIP,gyrA,E605K,605,GENE,CDS,SNP,,,,,S
LID2015A,NC_000962.2,CIP,gyrA,G239D,239,GENE,CDS,SNP,,,,,S
LID2015A,NC_000962.2,CIP,gyrA,L296P,296,GENE,CDS,SNP,,,,,S
LID2015A,NC_000962.2,CIP,gyrA,M220R,220,GENE,CDS,SNP,,,,,U
LID2015A,NC_000962.2,CIP,gyrA,M438I,438,GENE,CDS,SNP,,,,,S
LID2015A,NC_000962.2,CIP,gyrA,N193S,193,GENE,CDS,SNP,,,,,S
LID2015A,NC_000962.2,CIP,gyrA,R607H,607,GENE,CDS,SNP,,,,,S
LID2015A,NC_000962.2,CIP,gyrA,S250A,250,GENE,CDS,SNP,,,,,S
LID2015A,NC_000962.2,CIP,gyrA,S91P,91,GENE,CDS,SNP,,,,,R
LID2015A,NC_000962.2,CIP,gyrA,V663A,663,GENE,CDS,SNP,,,,,S
LID2015A,NC_000962.2,CIP,gyrA,c-34t,-34,GENE,PROM,SNP,,,,,S
LID2015A,NC_000962.2,CIP,gyrB,A117D,117,GENE,CDS,SNP,,,,,S
LID2015A,NC_000962.2,CIP,gyrB,A276V,276,GENE,CDS,SNP,,,,,S
LID2015A,NC_000962.2,CIP,gyrB,A683D,683,GENE,CDS,SNP,,,,,S
LID2015A,NC_000962.2,CIP,gyrB,C20W,20,GENE,CDS,SNP,,,,,S
LID2015A,NC_000962.2,CIP,gyrB,D373G,373,GENE,CDS,SNP,,,,,S
LID2015A,NC_000962.2,CIP,gyrB,D381E,381,GENE,CDS,SNP,,,,,S
LID2015A,NC_000962.2,CIP,gyrB,E60K,60,GENE,CDS,SNP,,,,,S
LID2015A,NC_000962.2,CIP,gyrB,I132V,132,GENE,CDS,SNP,,,,,S
LID2015A,NC_000962.2,CIP,gyrB,I532T,532,GENE,CDS,SNP,,,,,S
LID2015A,NC_000962.2,CIP,gyrB,K565Q,565,GENE,CDS,SNP,,,,,S
LID2015A,NC_000962.2,CIP,gyrB,L109F,109,GENE,CDS,SNP,,,,,S
LID2015A,NC_000962.2,CIP,gyrB,L243M,243,GENE,CDS,SNP,,,,,S
LID2015A,NC_000962.2,CIP,gyrB,M655V,655,GENE,CDS,SNP,,,,,S
LID2015A,NC_000962.2,CIP,gyrB,P667A,667,GENE,CDS,SNP,,,,,S
LID2015A,NC_000962.2,CIP,gyrB,R614H,614,GENE,CDS,SNP,,,,,S
LID2015A,NC_000962.2,CIP,gyrB,V340L,340,GENE,CDS,SNP,,,,,S
LID2015A,NC_000962.2,CIP,gyrB,V669I,669,GENE,CDS,SNP,,,,,S
LID2015A,NC_000962.2,EMB,embA,2145_indel,2145,GENE,CDS,INDEL,2145_del,2145_del_1,,,S
LID2015A,NC_000962.2,EMB,embA,2823_indel,2823,GENE,CDS,INDEL,2823_ins,2823_ins_4,2823_ins_tggg,,S
LID2015A,NC_000962.2,EMB,embA,68_indel,68,GENE,CDS,INDEL,68_del,68_del_1,,,U
LID2015A,NC_000962.2,EMB,embA,A1015T,1015,GENE,CDS,SNP,,,,,S
LID2015A,NC_000962.2,EMB,embA,A109T,109,GENE,CDS,SNP,,,,,S
LID2015A,NC_000962.2,EMB,embA,A201T,201,GENE,CDS,SNP,,,,,S
LID2015A,NC_000962.2,EMB,embA,A255V,255,GENE,CDS,SNP,,,,,S
LID2015A,NC_000962.2,EMB,embA,A312V,312,GENE,CDS,SNP,,,,,S
LID2015A,NC_000962.2,EMB,embA,A428V,428,GENE,CDS,SNP,,,,,S
LID2015A,NC_000962.2,EMB,embA,A460T,460,GENE,CDS,SNP,,,,,S
LID2015A,NC_000962.2,EMB,embA,A586T,586,GENE,CDS,SNP,,,,,S
LID2015A,NC_000962.2,EMB,embA,A813G,813,GENE,CDS,SNP,,,,,U
LID2015A,NC_000962.2,EMB,embA,A852S,852,GENE,CDS,SNP,,,,,S
LID2015A,NC_000962.2,EMB,embA,C335W,335,GENE,CDS,SNP,,,,,S
LID2015A,NC_000962.2,EMB,embA,D1053G,1053,GENE,CDS,SNP,,,,,S
LID2015A,NC_000962.2,EMB,embA,D176A,176,GENE,CDS,SNP,,,,,S
LID2015A,NC_000962.2,EMB,embA,D761G,761,GENE,CDS,SNP,,,,,S
LID2015A,NC_000962.2,EMB,embA,D784N,784,GENE,CDS,SNP,,,,,S
LID2015A,NC_000962.2,EMB,embA,D865N,865,GENE,CDS,SNP,,,,,S
LID2015A,NC_000962.2,EMB,embA,E951D,951,GENE,CDS,SNP,,,,,S
LID2015A,NC_000962.2,EMB,embA,G1085S,1085,GENE,CDS,SNP,,,,,S
LID2015A,NC_000962.2,EMB,embA,G154S,154,GENE,CDS,SNP,,,,,S
LID2015A,NC_000962.2,EMB,embA,G157C,157,GENE,CDS,SNP,,,,,S
LID2015A,NC_000962.2,EMB,embA,G21R,21,GENE,CDS,SNP,,,,,S
LID2015A,NC_000962.2,EMB,embA,G596S,596,GENE,CDS,SNP,,,,,S
LID2015A,NC_000962.2,EMB,embA,G759R,759,GENE,CDS,SNP,,,,,U
LID2015A,NC_000962.2,EMB,embA,G884D,884,GENE,CDS,SNP,,,,,S
LID2015A,NC_000962.2,EMB,embA,H665R,665,GENE,CDS,SNP,,,,,S
LID2015A,NC_000962.2,EMB,embA,H665Y,665,GENE,CDS,SNP,,,,,S
LID2015A,NC_000962.2,EMB,embA,H673R,673,GENE,CDS,SNP,,,,,S
LID2015A,NC_000962.2,EMB,embA,I191V,191,GENE,CDS,SNP,,,,,S
LID2015A,NC_000962.2,EMB,embA,I595V,595,GENE,CDS,SNP,,,,,S
LID2015A,NC_000962.2,EMB,embA,K166N,166,GENE,CDS,SNP,,,,,S
LID2015A,NC_000962.2,EMB,embA,L215M,215,GENE,CDS,SNP,,,,,S
LID2015A,NC_000962.2,EMB,embA,L215P,215,GENE,CDS,SNP,,,,,S
LID2015A,NC_000962.2,EMB,embA,L263P,263,GENE,CDS,SNP,,,,,S
LID2015A,NC_000962.2,EMB,embA,L314P,314,GENE,CDS,SNP,,,,,S
LID2015A,NC_000962.2,EMB,embA,L373P,373,GENE,CDS,SNP,,,,,S
LID2015A,NC_000962.2,EMB,embA,L659F,659,GENE,CDS,SNP,,,,,S
LID2015A,NC_000962.2,EMB,embA,M697V,697,GENE,CDS,SNP,,,,,S
LID2015A,NC_000962.2,EMB,embA,P1094S,1094,GENE,CDS,SNP,,,,,S
LID2015A,NC_000962.2,EMB,embA,P327L,327,GENE,CDS,SNP,,,,,S
LID2015A,NC_000962.2,EMB,embA,P35Q,35,GENE,CDS,SNP,,,,,S
LID2015A,NC_000962.2,EMB,embA,P383S,383,GENE,CDS,SNP,,,,,U
LID2015A,NC_000962.2,EMB,embA,P639S,639,GENE,CDS,SNP,,,,,U
LID2015A,NC_000962.2,EMB,embA,P901L,901,GENE,CDS,SNP,,,,,S
LID2015A,NC_000962.2,EMB,embA,R683L,683,GENE,CDS,SNP,,,,,S
LID2015A,NC_000962.2,EMB,embA,S20A,20,GENE,CDS,SNP,,,,,S
LID2015A,NC_000962.2,EMB,embA,S20P,20,GENE,CDS,SNP,,,,,S
LID2015A,NC_000962.2,EMB,embA,S49R,49,GENE,CDS,SNP,,,,,S
LID2015A,NC_000962.2,EMB,embA,S49T,49,GENE,CDS,SNP,,,,,S
LID2015A,NC_000962.2,EMB,embA,S77P,77,GENE,CDS,SNP,,,,,S
LID2015A,NC_000962.2,EMB,embA,T238N,238,GENE,CDS,SNP,,,,,S
LID2015A,NC_000962.2,EMB,embA,T238S,238,GENE,CDS,SNP,,,,,S
LID2015A,NC_000962.2,EMB,embA,T308A,308,GENE,CDS,SNP,,,,,S
LID2015A,NC_000962.2,EMB,embA,T478A,478,GENE,CDS,SNP,,,,,S
LID2015A,NC_000962.2,EMB,embA,T591P,591,GENE,CDS,SNP,,,,,S
LID2015A,NC_000962.2,EMB,embA,T728I,728,GENE,CDS,SNP,,,,,S
LID2015A,NC_000962.2,EMB,embA,V31A,31,GENE,CDS,SNP,,,,,S
LID2015A,NC_000962.2,EMB,embA,V414M,414,GENE,CDS,SNP,,,,,S
LID2015A,NC_000962.2,EMB,embA,V468A,468,GENE,CDS,SNP,,,,,U
LID2015A,NC_000962.2,EMB,embA,W1050G,1050,GENE,CDS,SNP,,,,,S
LID2015A,NC_000962.2,EMB,embA,W306R,306,GENE,CDS,SNP,,,,,S
LID2015A,NC_000962.2,EMB,embA,Y296H,296,GENE,CDS,SNP,,,,,S
LID2015A,NC_000962.2,EMB,embA,Y307H,307,GENE,CDS,SNP,,,,,S
LID2015A,NC_000962.2,EMB,embA,c-11a,-11,GENE,PROM,SNP,,,,,U
LID2015A,NC_000962.2,EMB,embA,c-12t,-12,GENE,PROM,SNP,,,,,U
LID2015A,NC_000962.2,EMB,embA,c-15g,-15,GENE,PROM,SNP,,,,,U
LID2015A,NC_000962.2,EMB,embA,c-16g,-16,GENE,PROM,SNP,,,,,U
LID2015A,NC_000962.2,EMB,embA,c-16t,-16,GENE,PROM,SNP,,,,,S
LID2015A,NC_000962.2,EMB,embA,c-59a,-59,GENE,PROM,SNP,,,,,S
LID2015A,NC_000962.2,EMB,embA,c-8t,-8,GENE,PROM,SNP,,,,,U
LID2015A,NC_000962.2,EMB,embA,g-17a,-17,GENE,PROM,SNP,,,,,S
LID2015A,NC_000962.2,EMB,embB,3042_indel,3042,GENE,CDS,INDEL,3042_del,3042_del_1,,,S
LID2015A,NC_000962.2,EMB,embB,A259V,259,GENE,CDS,SNP,,,,,S
LID2015A,NC_000962.2,EMB,embB,A438T,438,GENE,CDS,SNP,,,,,S
LID2015A,NC_000962.2,EMB,embB,A510T,510,GENE,CDS,SNP,,,,,S
LID2015A,NC_000962.2,EMB,embB,A547S,547,GENE,CDS,SNP,,,,,S
LID2015A,NC_000962.2,EMB,embB,A683V,683,GENE,CDS,SNP,,,,,S
LID2015A,NC_000962.2,EMB,embB,A693T,693,GENE,CDS,SNP,,,,,S
LID2015A,NC_000962.2,EMB,embB,A716P,716,GENE,CDS,SNP,,,,,U
LID2015A,NC_000962.2,EMB,embB,A861T,861,GENE,CDS,SNP,,,,,S
LID2015A,NC_000962.2,EMB,embB,C361S,361,GENE,CDS,SNP,,,,,S
LID2015A,NC_000962.2,EMB,embB,D311A,311,GENE,CDS,SNP,,,,,S
LID2015A,NC_000962.2,EMB,embB,D354A,354,GENE,CDS,SNP,,,,,R
LID2015A,NC_000962.2,EMB,embB,D354G,354,GENE,CDS,SNP,,,,,S
LID2015A,NC_000962.2,EMB,embB,D78E,78,GENE,CDS,SNP,,,,,S
LID2015A,NC_000962.2,EMB,embB,D78G,78,GENE,CDS,SNP,,,,,S
LID2015A,NC_000962.2,EMB,embB,D869H,869,GENE,CDS,SNP,,,,,S
LID2015A,NC_000962.2,EMB,embB,D86N,86,GENE,CDS,SNP,,,,,S
LID2015A,NC_000962.2,EMB,embB,E405D,405,GENE,CDS,SNP,,,,,U
LID2015A,NC_000962.2,EMB,embB,E951Q,951,GENE,CDS,SNP,,,,,S
LID2015A,NC_000962.2,EMB,embB,F285L,285,GENE,CDS,SNP,,,,,S
LID2015A,NC_000962.2,EMB,embB,F628S,628,GENE,CDS,SNP,,,,,S
LID2015A,NC_000962.2,EMB,embB,F676S,676,GENE,CDS,SNP,,,,,S
LID2015A,NC_000962.2,EMB,embB,G100S,100,GENE,CDS,SNP,,,,,S
LID2015A,NC_000962.2,EMB,embB,G156C,156,GENE,CDS,SNP,,,,,U
LID2015A,NC_000962.2,EMB,embB,G263R,263,GENE,CDS,SNP,,,,,S
LID2015A,NC_000962.2,EMB,embB,G305C,305,GENE,CDS,SNP,,,,,S
LID2015A,NC_000962.2,EMB,embB,G406A,406,GENE,CDS,SNP,,,,,R
LID2015A,NC_000962.2,EMB,embB,G406D,406,GENE,CDS,SNP,,,,,R
LID2015A,NC_000962.2,EMB,embB,G406S,406,GENE,CDS,SNP,,,,,R
LID2015A,NC_000962.2,EMB,embB,G665R,665,GENE,CDS,SNP,,,,,S
LID2015A,NC_000962.2,EMB,embB,G694S,694,GENE,CDS,SNP,,,,,S
LID2015A,NC_000962.2,EMB,embB,G748E,748,GENE,CDS,SNP,,,,,S
LID2015A,NC_000962.2,EMB,embB,G836R,836,GENE,CDS,SNP,,,,,S
LID2015A,NC_000962.2,EMB,embB,H1002R,1002,GENE,CDS,SNP,,,,,R
LID2015A,NC_000962.2,EMB,embB,I1006M,1006,GENE,CDS,SNP,,,,,S
LID2015A,NC_000962.2,EMB,embB,K882T,882,GENE,CDS,SNP,,,,,S
LID2015A,NC_000962.2,EMB,embB,L370R,370,GENE,CDS,SNP,,,,,S
LID2015A,NC_000962.2,EMB,embB,L638F,638,GENE,CDS,SNP,,,,,S
LID2015A,NC_000962.2,EMB,embB,L686P,686,GENE,CDS,SNP,,,,,S
LID2015A,NC_000962.2,EMB,embB,L971M,971,GENE,CDS,SNP,,,,,S
LID2015A,NC_000962.2,EMB,embB,M1049I,1049,GENE,CDS,SNP,,,,,S
LID2015A,NC_000962.2,EMB,embB,M306I,306,GENE,CDS,SNP,,,,,R
LID2015A,NC_000962.2,EMB,embB,M306L,306,GENE,CDS,SNP,,,,,S
LID2015A,NC_000962.2,EMB,embB,M306T,306,GENE,CDS,SNP,,,,,U
LID2015A,NC_000962.2,EMB,embB,M306V,306,GENE,CDS,SNP,,,,,R
LID2015A,NC_000962.2,EMB,embB,M340I,340,GENE,CDS,SNP,,,,,S
LID2015A,NC_000962.2,EMB,embB,M423T,423,GENE,CDS,SNP,,,,,U
LID2015A,NC_000962.2,EMB,embB,M462L,462,GENE,CDS,SNP,,,,,S
LID2015A,NC_000962.2,EMB,embB,M557I,557,GENE,CDS,SNP,,,,,S
LID2015A,NC_000962.2,EMB,embB,M91I,91,GENE,CDS,SNP,,,,,S
LID2015A,NC_000962.2,EMB,embB,N1004T,1004,GENE,CDS,SNP,,,,,S
LID2015A,NC_000962.2,EMB,embB,N13S,13,GENE,CDS,SNP,,,,,S
LID2015A,NC_000962.2,EMB,embB,N657D,657,GENE,CDS,SNP,,,,,S
LID2015A,NC_000962.2,EMB,embB,P375S,375,GENE,CDS,SNP,,,,,S
LID2015A,NC_000962.2,EMB,embB,P430L,430,GENE,CDS,SNP,,,,,S
LID2015A,NC_000962.2,EMB,embB,P655Q,655,GENE,CDS,SNP,,,,,S
LID2015A,NC_000962.2,EMB,embB,P776L,776,GENE,CDS,SNP,,,,,S
LID2015A,NC_000962.2,EMB,embB,P93L,93,GENE,CDS,SNP,,,,,S
LID2015A,NC_000962.2,EMB,embB,Q497K,497,GENE,CDS,SNP,,,,,R
LID2015A,NC_000962.2,EMB,embB,Q497R,497,GENE,CDS,SNP,,,,,R
LID2015A,NC_000962.2,EMB,embB,R147C,147,GENE,CDS,SNP,,,,,S
LID2015A,NC_000962.2,EMB,embB,R14Q,14,GENE,CDS,SNP,,,,,S
LID2015A,NC_000962.2,EMB,embB,R182C,182,GENE,CDS,SNP,,,,,S
LID2015A,NC_000962.2,EMB,embB,R7T,7,GENE,CDS,SNP,,,,,S
LID2015A,NC_000962.2,EMB,embB,R930H,930,GENE,CDS,SNP,,,,,S
LID2015A,NC_000962.2,EMB,embB,S1054P,1054,GENE,CDS,SNP,,,,,S
LID2015A,NC_000962.2,EMB,embB,S203L,203,GENE,CDS,SNP,,,,,S
LID2015A,NC_000962.2,EMB,embB,S317F,317,GENE,CDS,SNP,,,,,S
LID2015A,NC_000962.2,EMB,embB,S422P,422,GENE,CDS,SNP,,,,,S
LID2015A,NC_000962.2,EMB,embB,S658N,658,GENE,CDS,SNP,,,,,S
LID2015A,NC_000962.2,EMB,embB,S658R,658,GENE,CDS,SNP,,,,,S
LID2015A,NC_000962.2,EMB,embB,T1069P,1069,GENE,CDS,SNP,,,,,S
LID2015A,NC_000962.2,EMB,embB,T1082A,1082,GENE,CDS,SNP,,,,,S
LID2015A,NC_000962.2,EMB,embB,T341A,341,GENE,CDS,SNP,,,,,S
LID2015A,NC_000962.2,EMB,embB,T498N,498,GENE,CDS,SNP,,,,,S
LID2015A,NC_000962.2,EMB,embB,T797M,797,GENE,CDS,SNP,,,,,S
LID2015A,NC_000962.2,EMB,embB,V1048I,1048,GENE,CDS,SNP,,,,,S
LID2015A,NC_000962.2,EMB,embB,V1071F,1071,GENE,CDS,SNP,,,,,S
LID2015A,NC_000962.2,EMB,embB,V131M,131,GENE,CDS,SNP,,,,,S
LID2015A,NC_000962.2,EMB,embB,V135M,135,GENE,CDS,SNP,,,,,S
LID2015A,NC_000962.2,EMB,embB,V188A,188,GENE,CDS,SNP,,,,,S
LID2015A,NC_000962.2,EMB,embB,V231I,231,GENE,CDS,SNP,,,,,S
LID2015A,NC_000962.2,EMB,embB,V283M,283,GENE,CDS,SNP,,,,,S
LID2015A,NC_000962.2,EMB,embB,V602I,602,GENE,CDS,SNP,,,,,S
LID2015A,NC_000962.2,EMB,embB,V668I,668,GENE,CDS,SNP,,,,,S
LID2015A,NC_000962.2,EMB,embB,W1089R,1089,GENE,CDS,SNP,,,,,U
LID2015A,NC_000962.2,EMB,embB,W332R,332,GENE,CDS,SNP,,,,,U
LID2015A,NC_000962.2,EMB,embB,c-2t,-2,GENE,PROM,SNP,,,,,S
LID2015A,NC_000962.2,EMB,embB,g-29a,-29,GENE,PROM,SNP,,,,,S
LID2015A,NC_000962.2,EMB,embB,g-6a,-6,GENE,PROM,SNP,,,,,S
LID2015A,NC_000962.2,EMB,embC,A1073T,1073,GENE,CDS,SNP,,,,,S
LID2015A,NC_000962.2,EMB,embC,A116T,116,GENE,CDS,SNP,,,,,S
LID2015A,NC_000962.2,EMB,embC,A232V,232,GENE,CDS,SNP,,,,,S
LID2015A,NC_000962.2,EMB,embC,A307T,307,GENE,CDS,SNP,,,,,S
LID2015A,NC_000962.2,EMB,embC,A33T,33,GENE,CDS,SNP,,,,,S
LID2015A,NC_000962.2,EMB,embC,A387V,387,GENE,CDS,SNP,,,,,U
LID2015A,NC_000962.2,EMB,embC,A46V,46,GENE,CDS,SNP,,,,,S
LID2015A,NC_000962.2,EMB,embC,A597T,597,GENE,CDS,SNP,,,,,S
LID2015A,NC_000962.2,EMB,embC,A611T,611,GENE,CDS,SNP,,,,,S
LID2015A,NC_000962.2,EMB,embC,A711T,711,GENE,CDS,SNP,,,,,S
LID2015A,NC_000962.2,EMB,embC,A774S,774,GENE,CDS,SNP,,,,,S
LID2015A,NC_000962.2,EMB,embC,A887T,887,GENE,CDS,SNP,,,,,S
LID2015A,NC_000962.2,EMB,embC,A940S,940,GENE,CDS,SNP,,,,,S
LID2015A,NC_000962.2,EMB,embC,C355F,355,GENE,CDS,SNP,,,,,S
LID2015A,NC_000962.2,EMB,embC,C411R,411,GENE,CDS,SNP,,,,,S
LID2015A,NC_000962.2,EMB,embC,D252H,252,GENE,CDS,SNP,,,,,S
LID2015A,NC_000962.2,EMB,embC,D329N,329,GENE,CDS,SNP,,,,,S
LID2015A,NC_000962.2,EMB,embC,D775N,775,GENE,CDS,SNP,,,,,S
LID2015A,NC_000962.2,EMB,embC,D948N,948,GENE,CDS,SNP,,,,,S
LID2015A,NC_000962.2,EMB,embC,F286L,286,GENE,CDS,SNP,,,,,S
LID2015A,NC_000962.2,EMB,embC,F67V,67,GENE,CDS,SNP,,,,,S
LID2015A,NC_000962.2,EMB,embC,F982I,982,GENE,CDS,SNP,,,,,S
LID2015A,NC_000962.2,EMB,embC,G101A,101,GENE,CDS,SNP,,,,,S
LID2015A,NC_000962.2,EMB,embC,G237A,237,GENE,CDS,SNP,,,,,S
LID2015A,NC_000962.2,EMB,embC,G764V,764,GENE,CDS,SNP,,,,,S
LID2015A,NC_000962.2,EMB,embC,G831R,831,GENE,CDS,SNP,,,,,S
LID2015A,NC_000962.2,EMB,embC,G857S,857,GENE,CDS,SNP,,,,,S
LID2015A,NC_000962.2,EMB,embC,G909E,909,GENE,CDS,SNP,,,,,S
LID2015A,NC_000962.2,EMB,embC,H369R,369,GENE,CDS,SNP,,,,,S
LID2015A,NC_000962.2,EMB,embC,I936V,936,GENE,CDS,SNP,,,,,S
LID2015A,NC_000962.2,EMB,embC,K511N,511,GENE,CDS,SNP,,,,,S
LID2015A,NC_000962.2,EMB,embC,K656N,656,GENE,CDS,SNP,,,,,S
LID2015A,NC_000962.2,EMB,embC,L236P,236,GENE,CDS,SNP,,,,,S
LID2015A,NC_000962.2,EMB,embC,L240P,240,GENE,CDS,SNP,,,,,S
LID2015A,NC_000962.2,EMB,embC,L434F,434,GENE,CDS,SNP,,,,,S
LID2015A,NC_000962.2,EMB,embC,L460R,460,GENE,CDS,SNP,,,,,S
LID2015A,NC_000962.2,EMB,embC,L661I,661,GENE,CDS,SNP,,,,,U
LID2015A,NC_000962.2,EMB,embC,M1040T,1040,GENE,CDS,SNP,,,,,S
LID2015A,NC_000962.2,EMB,embC,M727V,727,GENE,CDS,SNP,,,,,S
LID2015A,NC_000962.2,EMB,embC,N127S,127,GENE,CDS,SNP,,,,,S
LID2015A,NC_000962.2,EMB,embC,N176K,176,GENE,CDS,SNP,,,,,S
LID2015A,NC_000962.2,EMB,embC,P1065L,1065,GENE,CDS,SNP,,,,,S
LID2015A,NC_000962.2,EMB,embC,P210S,210,GENE,CDS,SNP,,,,,S
LID2015A,NC_000962.2,EMB,embC,P486T,486,GENE,CDS,SNP,,,,,S
LID2015A,NC_000962.2,EMB,embC,P558R,558,GENE,CDS,SNP,,,,,S
LID2015A,NC_000962.2,EMB,embC,P732A,732,GENE,CDS,SNP,,,,,S
LID2015A,NC_000962.2,EMB,embC,P791T,791,GENE,CDS,SNP,,,,,S
LID2015A,NC_000962.2,EMB,embC,P861L,861,GENE,CDS,SNP,,,,,S
LID2015A,NC_000962.2,EMB,embC,Q1061H,1061,GENE,CDS,SNP,,,,,S
LID2015A,NC_000962.2,EMB,embC,Q491H,491,GENE,CDS,SNP,,,,,S
LID2015A,NC_000962.2,EMB,embC,Q54H,54,GENE,CDS,SNP,,,,,S
LID2015A,NC_000962.2,EMB,embC,Q730H,730,GENE,CDS,SNP,,,,,S
LID2015A,NC_000962.2,EMB,embC,Q742H,742,GENE,CDS,SNP,,,,,S
LID2015A,NC_000962.2,EMB,embC,R221C,221,GENE,CDS,SNP,,,,,S
LID2015A,NC_000962.2,EMB,embC,R695W,695,GENE,CDS,SNP,,,,,S
LID2015A,NC_000962.2,EMB,embC,R738W,738,GENE,CDS,SNP,,,,,S
LID2015A,NC_000962.2,EMB,embC,R927H,927,GENE,CDS,SNP,,,,,S
LID2015A,NC_000962.2,EMB,embC,R9H,9,GENE,CDS,SNP,,,,,S
LID2015A,NC_000962.2,EMB,embC,S213N,213,GENE,CDS,SNP,,,,,S
LID2015A,NC_000962.2,EMB,embC,S225R,225,GENE,CDS,SNP,,,,,S
LID2015A,NC_000962.2,EMB,embC,T1044M,1044,GENE,CDS,SNP,,,,,S
LID2015A,NC_000962.2,EMB,embC,T1044P,1044,GENE,CDS,SNP,,,,,S
LID2015A,NC_000962.2,EMB,embC,T1079A,1079,GENE,CDS,SNP,,,,,S
LID2015A,NC_000962.2,EMB,embC,T712A,712,GENE,CDS,SNP,,,,,S
LID2015A,NC_000962.2,EMB,embC,T786A,786,GENE,CDS,SNP,,,,,S
LID2015A,NC_000962.2,EMB,embC,T941A,941,GENE,CDS,SNP,,,,,S
LID2015A,NC_000962.2,EMB,embC,V303L,303,GENE,CDS,SNP,,,,,S
LID2015A,NC_000962.2,EMB,embC,V337I,337,GENE,CDS,SNP,,,,,S
LID2015A,NC_000962.2,EMB,embC,V363I,363,GENE,CDS,SNP,,,,,S
LID2015A,NC_000962.2,EMB,embC,a-20c,-20,GENE,PROM,SNP,,,,,U
LID2015A,NC_000962.2,EMB,embC,c-100t,-100,GENE,PROM,SNP,,,,,S
LID2015A,NC_000962.2,EMB,embR,101_indel,101,GENE,CDS,INDEL,101_del,101_del_1,,,S
LID2015A,NC_000962.2,EMB,embR,1141_indel,1141,GENE,CDS,INDEL,1141_del,1141_del_1,,,S
LID2015A,NC_000962.2,EMB,embR,180_indel,180,GENE,CDS,INDEL,180_ins,180_ins_2,180_ins_cg,,S
LID2015A,NC_000962.2,EMB,embR,458_indel,458,GENE,CDS,INDEL,458_del,458_del_1,,,U
LID2015A,NC_000962.2,EMB,embR,93_indel,93,GENE,CDS,INDEL,93_del,93_del_1,,,S
LID2015A,NC_000962.2,EMB,embR,A141V,141,GENE,CDS,SNP,,,,,S
LID2015A,NC_000962.2,EMB,embR,A296T,296,GENE,CDS,SNP,,,,,S
LID2015A,NC_000962.2,EMB,embR,A58D,58,GENE,CDS,SNP,,,,,S
LID2015A,NC_000962.2,EMB,embR,A70S,70,GENE,CDS,SNP,,,,,S
LID2015A,NC_000962.2,EMB,embR,A86G,86,GENE,CDS,SNP,,,,,S
LID2015A,NC_000962.2,EMB,embR,A96T,96,GENE,CDS,SNP,,,,,S
LID2015A,NC_000962.2,EMB,embR,D219N,219,GENE,CDS,SNP,,,,,S
LID2015A,NC_000962.2,EMB,embR,G113A,113,GENE,CDS,SNP,,,,,S
LID2015A,NC_000962.2,EMB,embR,G300C,300,GENE,CDS,SNP,,,,,S
LID2015A,NC_000962.2,EMB,embR,H137Q,137,GENE,CDS,SNP,,,,,S
LID2015A,NC_000962.2,EMB,embR,H385Y,385,GENE,CDS,SNP,,,,,S
LID2015A,NC_000962.2,EMB,embR,K170T,170,GENE,CDS,SNP,,,,,S
LID2015A,NC_000962.2,EMB,embR,K267R,267,GENE,CDS,SNP,,,,,S
LID2015A,NC_000962.2,EMB,embR,L239V,239,GENE,CDS,SNP,,,,,U
LID2015A,NC_000962.2,EMB,embR,Q353P,353,GENE,CDS,SNP,,,,,S
LID2015A,NC_000962.2,EMB,embR,Q353R,353,GENE,CDS,SNP,,,,,S
LID2015A,NC_000962.2,EMB,embR,R130W,130,GENE,CDS,SNP,,,,,S
LID2015A,NC_000962.2,EMB,embR,R229H,229,GENE,CDS,SNP,,,,,S
LID2015A,NC_000962.2,EMB,embR,S66A,66,GENE,CDS,SNP,,,,,S
LID2015A,NC_000962.2,EMB,embR,T268I,268,GENE,CDS,SNP,,,,,S
LID2015A,NC_000962.2,EMB,embR,T26A,26,GENE,CDS,SNP,,,,,S
LID2015A,NC_000962.2,EMB,embR,T281I,281,GENE,CDS,SNP,,,,,S
LID2015A,NC_000962.2,EMB,embR,T57A,57,GENE,CDS,SNP,,,,,S
LID2015A,NC_000962.2,EMB,embR,V276M,276,GENE,CDS,SNP,,,,,S
LID2015A,NC_000962.2,EMB,embR,V325I,325,GENE,CDS,SNP,,,,,S
LID2015A,NC_000962.2,EMB,embR,V50I,50,GENE,CDS,SNP,,,,,S
LID2015A,NC_000962.2,EMB,embR,a-14g,-14,GENE,PROM,SNP,,,,,S
LID2015A,NC_000962.2,EMB,embR,g-69a,-69,GENE,PROM,SNP,,,,,S
LID2015A,NC_000962.2,EMB,iniA,1405_indel,1405,GENE,CDS,INDEL,1405_del,1405_del_1,,,S
LID2015A,NC_000962.2,EMB,iniA,1638_indel,1638,GENE,CDS,INDEL,1638_del,1638_del_1,,,S
LID2015A,NC_000962.2,EMB,iniA,1663_indel,1663,GENE,CDS,INDEL,1663_del,1663_del_1,,,S
LID2015A,NC_000962.2,EMB,iniA,1755_indel,1755,GENE,CDS,INDEL,1755_ins,1755_ins_2,1755_ins_ca,,S
LID2015A,NC_000962.2,EMB,iniA,1862_indel,1862,GENE,CDS,INDEL,1862_ins,1862_ins_2,1862_ins_tc,,S
LID2015A,NC_000962.2,EMB,iniA,1865_indel,1865,GENE,CDS,INDEL,1865_ins,1865_ins_30,1865_ins_cctgcaggcgaccatcgcggcggcgcaggc,,S
LID2015A,NC_000962.2,EMB,iniA,381_indel,381,GENE,CDS,INDEL,381_del,381_del_1,,,S
LID2015A,NC_000962.2,EMB,iniA,421_indel,421,GENE,CDS,INDEL,421_del,421_del_1,,,S
LID2015A,NC_000962.2,EMB,iniA,503_indel,503,GENE,CDS,INDEL,503_del,503_del_1,,,S
LID2015A,NC_000962.2,EMB,iniA,616_indel,616,GENE,CDS,INDEL,616_del,616_del_1,,,S
LID2015A,NC_000962.2,EMB,iniA,651_indel,651,GENE,CDS,INDEL,651_del,651_del_1,,,S
LID2015A,NC_000962.2,EMB,iniA,948_indel,948,GENE,CDS,INDEL,948_del,948_del_1,,,S
LID2015A,NC_000962.2,EMB,iniA,A249V,249,GENE,CDS,SNP,,,,,S
LID2015A,NC_000962.2,EMB,iniA,A594P,594,GENE,CDS,SNP,,,,,S
LID2015A,NC_000962.2,EMB,iniA,D100G,100,GENE,CDS,SNP,,,,,S
LID2015A,NC_000962.2,EMB,iniA,D138E,138,GENE,CDS,SNP,,,,,S
LID2015A,NC_000962.2,EMB,iniA,D143N,143,GENE,CDS,SNP,,,,,S
LID2015A,NC_000962.2,EMB,iniA,D198A,198,GENE,CDS,SNP,,,,,S
LID2015A,NC_000962.2,EMB,iniA,D22N,22,GENE,CDS,SNP,,,,,S
LID2015A,NC_000962.2,EMB,iniA,D549E,549,GENE,CDS,SNP,,,,,S
LID2015A,NC_000962.2,EMB,iniA,D549N,549,GENE,CDS,SNP,,,,,S
LID2015A,NC_000962.2,EMB,iniA,E154A,154,GENE,CDS,SNP,,,,,S
LID2015A,NC_000962.2,EMB,iniA,F286C,286,GENE,CDS,SNP,,,,,S
LID2015A,NC_000962.2,EMB,iniA,G507R,507,GENE,CDS,SNP,,,,,S
LID2015A,NC_000962.2,EMB,iniA,H186L,186,GENE,CDS,SNP,,,,,S
LID2015A,NC_000962.2,EMB,iniA,I174N,174,GENE,CDS,SNP,,,,,S
LID2015A,NC_000962.2,EMB,iniA,I46V,46,GENE,CDS,SNP,,,,,S
LID2015A,NC_000962.2,EMB,iniA,K19N,19,GENE,CDS,SNP,,,,,S
LID2015A,NC_000962.2,EMB,iniA,L166M,166,GENE,CDS,SNP,,,,,S
LID2015A,NC_000962.2,EMB,iniA,L267M,267,GENE,CDS,SNP,,,,,S
LID2015A,NC_000962.2,EMB,iniA,L293V,293,GENE,CDS,SNP,,,,,S
LID2015A,NC_000962.2,EMB,iniA,L372P,372,GENE,CDS,SNP,,,,,S
LID2015A,NC_000962.2,EMB,iniA,M1I,1,GENE,CDS,SNP,,,,,S
LID2015A,NC_000962.2,EMB,iniA,M259T,259,GENE,CDS,SNP,,,,,S
LID2015A,NC_000962.2,EMB,iniA,N50D,50,GENE,CDS,SNP,,,,,U
LID2015A,NC_000962.2,EMB,iniA,N88S,88,GENE,CDS,SNP,,,,,S
LID2015A,NC_000962.2,EMB,iniA,P163R,163,GENE,CDS,SNP,,,,,S
LID2015A,NC_000962.2,EMB,iniA,Q357!,357,GENE,CDS,SNP,,,,,S
LID2015A,NC_000962.2,EMB,iniA,Q394E,394,GENE,CDS,SNP,,,,,S
LID2015A,NC_000962.2,EMB,iniA,S430Y,430,GENE,CDS,SNP,,,,,S
LID2015A,NC_000962.2,EMB,iniA,S448P,448,GENE,CDS,SNP,,,,,S
LID2015A,NC_000962.2,EMB,iniA,S501W,501,GENE,CDS,SNP,,,,,S
LID2015A,NC_000962.2,EMB,iniA,S84I,84,GENE,CDS,SNP,,,,,S
LID2015A,NC_000962.2,EMB,iniA,T211I,211,GENE,CDS,SNP,,,,,S
LID2015A,NC_000962.2,EMB,iniA,T582I,582,GENE,CDS,SNP,,,,,S
LID2015A,NC_000962.2,EMB,iniA,V106A,106,GENE,CDS,SNP,,,,,S
LID2015A,NC_000962.2,EMB,iniA,V110I,110,GENE,CDS,SNP,,,,,S
LID2015A,NC_000962.2,EMB,iniA,V110L,110,GENE,CDS,SNP,,,,,S
LID2015A,NC_000962.2,EMB,iniA,V218M,218,GENE,CDS,SNP,,,,,S
LID2015A,NC_000962.2,EMB,iniA,V230I,230,GENE,CDS,SNP,,,,,S
LID2015A,NC_000962.2,EMB,iniA,V231M,231,GENE,CDS,SNP,,,,,S
LID2015A,NC_000962.2,EMB,iniA,V35M,35,GENE,CDS,SNP,,,,,S
LID2015A,NC_000962.2,EMB,iniA,V544A,544,GENE,CDS,SNP,,,,,U
LID2015A,NC_000962.2,EMB,iniA,V548F,548,GENE,CDS,SNP,,,,,S
LID2015A,NC_000962.2,EMB,iniA,V598A,598,GENE,CDS,SNP,,,,,S
LID2015A,NC_000962.2,EMB,iniA,c-32t,-32,GENE,PROM,SNP,,,,,S
LID2015A,NC_000962.2,EMB,iniA,c-61t,-61,GENE,PROM,SNP,,,,,S
LID2015A,NC_000962.2,EMB,iniA,g-4a,-4,GENE,PROM,SNP,,,,,S
LID2015A,NC_000962.2,EMB,iniA,g-70a,-70,GENE,PROM,SNP,,,,,S
LID2015A,NC_000962.2,EMB,iniA,g-7a,-7,GENE,PROM,SNP,,,,,S
LID2015A,NC_000962.2,EMB,iniC,140_indel,140,GENE,CDS,INDEL,140_del,140_del_1,,,S
LID2015A,NC_000962.2,EMB,iniC,188_indel,188,GENE,CDS,INDEL,188_ins,188_ins_2,188_ins_gt,,S
LID2015A,NC_000962.2,EMB,iniC,272_indel,272,GENE,CDS,INDEL,272_del,272_del_1,,,S
LID2015A,NC_000962.2,EMB,iniC,279_indel,279,GENE,CDS,INDEL,279_ins,279_ins_5,279_ins_tcgtc,,S
LID2015A,NC_000962.2,EMB,iniC,667_indel,667,GENE,CDS,INDEL,667_del,667_del_1,,,S
LID2015A,NC_000962.2,EMB,iniC,884_indel,884,GENE,CDS,INDEL,884_del,884_del_1,,,S
LID2015A,NC_000962.2,EMB,iniC,A77V,77,GENE,CDS,SNP,,,,,S
LID2015A,NC_000962.2,EMB,iniC,D29G,29,GENE,CDS,SNP,,,,,S
LID2015A,NC_000962.2,EMB,iniC,D417E,417,GENE,CDS,SNP,,,,,S
LID2015A,NC_000962.2,EMB,iniC,F353T,353,GENE,CDS,SNP,,,,,S
LID2015A,NC_000962.2,EMB,iniC,G194R,194,GENE,CDS,SNP,,,,,U
LID2015A,NC_000962.2,EMB,iniC,G197V,197,GENE,CDS,SNP,,,,,S
LID2015A,NC_000962.2,EMB,iniC,G251A,251,GENE,CDS,SNP,,,,,S
LID2015A,NC_000962.2,EMB,iniC,G331R,331,GENE,CDS,SNP,,,,,S
LID2015A,NC_000962.2,EMB,iniC,G341V,341,GENE,CDS,SNP,,,,,U
LID2015A,NC_000962.2,EMB,iniC,G438N,438,GENE,CDS,SNP,,,,,S
LID2015A,NC_000962.2,EMB,iniC,I69M,69,GENE,CDS,SNP,,,,,S
LID2015A,NC_000962.2,EMB,iniC,L189F,189,GENE,CDS,SNP,,,,,S
LID2015A,NC_000962.2,EMB,iniC,L260R,260,GENE,CDS,SNP,,,,,S
LID2015A,NC_000962.2,EMB,iniC,L279P,279,GENE,CDS,SNP,,,,,S
LID2015A,NC_000962.2,EMB,iniC,L437R,437,GENE,CDS,SNP,,,,,S
LID2015A,NC_000962.2,EMB,iniC,N227D,227,GENE,CDS,SNP,,,,,S
LID2015A,NC_000962.2,EMB,iniC,N415Y,415,GENE,CDS,SNP,,,,,S
LID2015A,NC_000962.2,EMB,iniC,P248A,248,GENE,CDS,SNP,,,,,S
LID2015A,NC_000962.2,EMB,iniC,P408S,408,GENE,CDS,SNP,,,,,S
LID2015A,NC_000962.2,EMB,iniC,Q355!,355,GENE,CDS,SNP,,,,,S
LID2015A,NC_000962.2,EMB,iniC,R371Q,371,GENE,CDS,SNP,,,,,S
LID2015A,NC_000962.2,EMB,iniC,R476C,476,GENE,CDS,SNP,,,,,S
LID2015A,NC_000962.2,EMB,iniC,S368A,368,GENE,CDS,SNP,,,,,S
LID2015A,NC_000962.2,EMB,iniC,T259A,259,GENE,CDS,SNP,,,,,S
LID2015A,NC_000962.2,EMB,iniC,T52I,52,GENE,CDS,SNP,,,,,S
LID2015A,NC_000962.2,EMB,iniC,T82A,82,GENE,CDS,SNP,,,,,S
LID2015A,NC_000962.2,EMB,iniC,T89I,89,GENE,CDS,SNP,,,,,S
LID2015A,NC_000962.2,EMB,iniC,V200L,200,GENE,CDS,SNP,,,,,S
LID2015A,NC_000962.2,EMB,iniC,c-12t,-12,GENE,PROM,SNP,,,,,S
LID2015A,NC_000962.2,EMB,iniC,g-24t,-24,GENE,PROM,SNP,,,,,S
LID2015A,NC_000962.2,EMB,manB,56_indel,56,GENE,CDS,INDEL,56_del,56_del_1,,,U
LID2015A,NC_000962.2,EMB,manB,A191G,191,GENE,CDS,SNP,,,,,S
LID2015A,NC_000962.2,EMB,manB,C117G,117,GENE,CDS,SNP,,,,,S
LID2015A,NC_000962.2,EMB,manB,D169S,169,GENE,CDS,SNP,,,,,S
LID2015A,NC_000962.2,EMB,manB,D256R,256,GENE,CDS,SNP,,,,,S
LID2015A,NC_000962.2,EMB,manB,D57S,57,GENE,CDS,SNP,,,,,S
LID2015A,NC_000962.2,EMB,manB,D96H,96,GENE,CDS,SNP,,,,,S
LID2015A,NC_000962.2,EMB,manB,L167A,167,GENE,CDS,SNP,,,,,S
LID2015A,NC_000962.2,EMB,manB,P192K,192,GENE,CDS,SNP,,,,,S
LID2015A,NC_000962.2,EMB,manB,R337S,337,GENE,CDS,SNP,,,,,S
LID2015A,NC_000962.2,EMB,manB,a-50c,-50,GENE,PROM,SNP,,,,,S
LID2015A,NC_000962.2,EMB,manB,c-13a,-13,GENE,PROM,SNP,,,,,S
LID2015A,NC_000962.2,EMB,manB,c-97t,-97,GENE,PROM,SNP,,,,,S
LID2015A,NC_000962.2,EMB,manB,g-83a,-83,GENE,PROM,SNP,,,,,S
LID2015A,NC_000962.2,EMB,manB,t-98a,-98,GENE,PROM,SNP,,,,,S
LID2015A,NC_000962.2,EMB,rmlD,A115V,115,GENE,CDS,SNP,,,,,S
LID2015A,NC_000962.2,EMB,rmlD,A25V,25,GENE,CDS,SNP,,,,,S
LID2015A,NC_000962.2,EMB,rmlD,A48T,48,GENE,CDS,SNP,,,,,S
LID2015A,NC_000962.2,EMB,rmlD,F250Y,250,GENE,CDS,SNP,,,,,S
LID2015A,NC_000962.2,EMB,rmlD,H20R,20,GENE,CDS,SNP,,,,,S
LID2015A,NC_000962.2,EMB,rmlD,M32V,32,GENE,CDS,SNP,,,,,S
LID2015A,NC_000962.2,EMB,rmlD,P300L,300,GENE,CDS,SNP,,,,,S
LID2015A,NC_000962.2,EMB,rmlD,R303C,303,GENE,CDS,SNP,,,,,S
LID2015A,NC_000962.2,EMB,rmlD,S72I,72,GENE,CDS,SNP,,,,,S
LID2015A,NC_000962.2,EMB,rmlD,T155A,155,GENE,CDS,SNP,,,,,S
LID2015A,NC_000962.2,EMB,rmlD,T284K,284,GENE,CDS,SNP,,,,,S
LID2015A,NC_000962.2,EMB,rmlD,V245I,245,GENE,CDS,SNP,,,,,S
LID2015A,NC_000962.2,EMB,rmlD,g-100a,-100,GENE,PROM,SNP,,,,,S
LID2015A,NC_000962.2,EMB,rmlD,g-100t,-100,GENE,PROM,SNP,,,,,S
LID2015A,NC_000962.2,EMB,rmlD,g-71t,-71,GENE,PROM,SNP,,,,,S
LID2015A,NC_000962.2,EMB,rmlD,t-47c,-47,GENE,PROM,SNP,,,,,S
LID2015A,NC_000962.2,EMB,rmlD,t-90c,-90,GENE,PROM,SNP,,,,,S
LID2015A,NC_000962.2,INH,ahpC,313_indel,313,GENE,CDS,INDEL,313_ins,313_ins_2,313_ins_ca,,S
LID2015A,NC_000962.2,INH,ahpC,348_indel,348,GENE,CDS,INDEL,348_del,348_del_1,,,S
LID2015A,NC_000962.2,INH,ahpC,54_indel,54,GENE,CDS,INDEL,54_ins,54_ins_2,54_ins_gt,,U
LID2015A,NC_000962.2,INH,ahpC,66_indel,66,GENE,CDS,INDEL,66_del,66_del_1,,,S
LID2015A,NC_000962.2,INH,ahpC,98_indel,98,GENE,CDS,INDEL,98_ins,98_ins_2,98_ins_gt,,S
LID2015A,NC_000962.2,INH,ahpC,A122T,122,GENE,CDS,SNP,,,,,S
LID2015A,NC_000962.2,INH,ahpC,A187P,187,GENE,CDS,SNP,,,,,S
LID2015A,NC_000962.2,INH,ahpC,D73H,73,GENE,CDS,SNP,,,,,U
LID2015A,NC_000962.2,INH,ahpC,E76K,76,GENE,CDS,SNP,,,,,U
LID2015A,NC_000962.2,INH,ahpC,F108S,108,GENE,CDS,SNP,,,,,U
LID2015A,NC_000962.2,INH,ahpC,G32D,32,GENE,CDS,SNP,,,,,U
LID2015A,NC_000962.2,INH,ahpC,K192N,192,GENE,CDS,SNP,,,,,S
LID2015A,NC_000962.2,INH,ahpC,P44R,44,GENE,CDS,SNP,,,,,S
LID2015A,NC_000962.2,INH,ahpC,P62H,62,GENE,CDS,SNP,,,,,S
LID2015A,NC_000962.2,INH,ahpC,T105M,105,GENE,CDS,SNP,,,,,S
LID2015A,NC_000962.2,INH,ahpC,W96C,96,GENE,CDS,SNP,,,,,U
LID2015A,NC_000962.2,INH,ahpC,c-52t,-52,GENE,PROM,SNP,,,,,S
LID2015A,NC_000962.2,INH,ahpC,c-54t,-54,GENE,PROM,SNP,,,,,U
LID2015A,NC_000962.2,INH,ahpC,c-57t,-57,GENE,PROM,SNP,,,,,R
LID2015A,NC_000962.2,INH,ahpC,c-72t,-72,GENE,PROM,SNP,,,,,S
LID2015A,NC_000962.2,INH,ahpC,c-79t,-79,GENE,PROM,SNP,,,,,S
LID2015A,NC_000962.2,INH,ahpC,c-81t,-81,GENE,PROM,SNP,,,,,S
LID2015A,NC_000962.2,INH,ahpC,g-48a,-48,GENE,PROM,SNP,,,,,U
LID2015A,NC_000962.2,INH,ahpC,g-74a,-74,GENE,PROM,SNP,,,,,U
LID2015A,NC_000962.2,INH,ahpC,t-42c,-42,GENE,PROM,SNP,,,,,U
LID2015A,NC_000962.2,INH,ahpC,t-76a,-76,GENE,PROM,SNP,,,,,U
LID2015A,NC_000962.2,INH,ahpC,t-77g,-77,GENE,PROM,SNP,,,,,U
LID2015A,NC_000962.2,INH,fabG1,A215T,215,GENE,CDS,SNP,,,,,S
LID2015A,NC_000962.2,INH,fabG1,E7K,7,GENE,CDS,SNP,,,,,S
LID2015A,NC_000962.2,INH,fabG1,P81A,81,GENE,CDS,SNP,,,,,S
LID2015A,NC_000962.2,INH,fabG1,c-15t,-15,GENE,PROM,SNP,,,,,R
LID2015A,NC_000962.2,INH,fabG1,c-34t,-34,GENE,PROM,SNP,,,,,U
LID2015A,NC_000962.2,INH,fabG1,g-17t,-17,GENE,PROM,SNP,,,,,R
LID2015A,NC_000962.2,INH,fabG1,g-47c,-47,GENE,PROM,SNP,,,,,S
LID2015A,NC_000962.2,INH,fabG1,g-77a,-77,GENE,PROM,SNP,,,,,S
LID2015A,NC_000962.2,INH,fabG1,t-8a,-8,GENE,PROM,SNP,,,,,U
LID2015A,NC_000962.2,INH,fabG1,t-8c,-8,GENE,PROM,SNP,,,,,R
LID2015A,NC_000962.2,INH,fabG1,t-8g,-8,GENE,PROM,SNP,,,,,U
LID2015A,NC_000962.2,INH,inhA,G141R,141,GENE,CDS,SNP,,,,,S
LID2015A,NC_000962.2,INH,inhA,I194T,194,GENE,CDS,SNP,,,,,R
LID2015A,NC_000962.2,INH,inhA,I21T,21,GENE,CDS,SNP,,,,,R
LID2015A,NC_000962.2,INH,inhA,I21V,21,GENE,CDS,SNP,,,,,U
LID2015A,NC_000962.2,INH,inhA,I228V,228,GENE,CDS,SNP,,,,,S
LID2015A,NC_000962.2,INH,inhA,S94A,94,GENE,CDS,SNP,,,,,R
LID2015A,NC_000962.2,INH,inhA,T162S,162,GENE,CDS,SNP,,,,,U
LID2015A,NC_000962.2,INH,inhA,c-40t,-40,GENE,PROM,SNP,,,,,S
LID2015A,NC_000962.2,INH,katG,1450_indel,1450,GENE,CDS,INDEL,1450_del,1450_del_1,,,R
LID2015A,NC_000962.2,INH,katG,1910_indel,1910,GENE,CDS,INDEL,1910_del,1910_del_1,,,R
LID2015A,NC_000962.2,INH,katG,24_indel,24,GENE,CDS,INDEL,24_ins,24_ins_2,24_ins_ca,,U
LID2015A,NC_000962.2,INH,katG,471_indel,471,GENE,CDS,INDEL,471_del,471_del_1,,,R
LID2015A,NC_000962.2,INH,katG,A109T,109,GENE,CDS,SNP,,,,,U
LID2015A,NC_000962.2,INH,katG,A16V,16,GENE,CDS,SNP,,,,,S
LID2015A,NC_000962.2,INH,katG,A244G,244,GENE,CDS,SNP,,,,,U
LID2015A,NC_000962.2,INH,katG,A281T,281,GENE,CDS,SNP,,,,,S
LID2015A,NC_000962.2,INH,katG,A532P,532,GENE,CDS,SNP,,,,,S
LID2015A,NC_000962.2,INH,katG,A551S,551,GENE,CDS,SNP,,,,,S
LID2015A,NC_000962.2,INH,katG,C549S,549,GENE,CDS,SNP,,,,,U
LID2015A,NC_000962.2,INH,katG,D194N,194,GENE,CDS,SNP,,,,,S
LID2015A,NC_000962.2,INH,katG,D215E,215,GENE,CDS,SNP,,,,,S
LID2015A,NC_000962.2,INH,katG,D511N,511,GENE,CDS,SNP,,,,,S
LID2015A,NC_000962.2,INH,katG,D542E,542,GENE,CDS,SNP,,,,,U
LID2015A,NC_000962.2,INH,katG,D695A,695,GENE,CDS,SNP,,,,,U
LID2015A,NC_000962.2,INH,katG,E340D,340,GENE,CDS,SNP,,,,,S
LID2015A,NC_000962.2,INH,katG,E522K,522,GENE,CDS,SNP,,,,,S
LID2015A,NC_000962.2,INH,katG,E523D,523,GENE,CDS,SNP,,,,,S
LID2015A,NC_000962.2,INH,katG,G123R,123,GENE,CDS,SNP,,,,,S
LID2015A,NC_000962.2,INH,katG,G124A,124,GENE,CDS,SNP,,,,,S
LID2015A,NC_000962.2,INH,katG,G237A,237,GENE,CDS,SNP,,,,,S
LID2015A,NC_000962.2,INH,katG,G285V,285,GENE,CDS,SNP,,,,,S
LID2015A,NC_000962.2,INH,katG,G34A,34,GENE,CDS,SNP,,,,,U
LID2015A,NC_000962.2,INH,katG,G534R,534,GENE,CDS,SNP,,,,,S
LID2015A,NC_000962.2,INH,katG,G99R,99,GENE,CDS,SNP,,,,,U
LID2015A,NC_000962.2,INH,katG,K433T,433,GENE,CDS,SNP,,,,,S
LID2015A,NC_000962.2,INH,katG,K557N,557,GENE,CDS,SNP,,,,,S
LID2015A,NC_000962.2,INH,katG,L159P,159,GENE,CDS,SNP,,,,,R
LID2015A,NC_000962.2,INH,katG,L205R,205,GENE,CDS,SNP,,,,,S
LID2015A,NC_000962.2,INH,katG,L427F,427,GENE,CDS,SNP,,,,,U
LID2015A,NC_000962.2,INH,katG,L598R,598,GENE,CDS,SNP,,,,,S
LID2015A,NC_000962.2,INH,katG,M257I,257,GENE,CDS,SNP,,,,,S
LID2015A,NC_000962.2,INH,katG,M609T,609,GENE,CDS,SNP,,,,,S
LID2015A,NC_000962.2,INH,katG,N323S,323,GENE,CDS,SNP,,,,,S
LID2015A,NC_000962.2,INH,katG,P432T,432,GENE,CDS,SNP,,,,,S
LID2015A,NC_000962.2,INH,katG,P6S,6,GENE,CDS,SNP,,,,,S
LID2015A,NC_000962.2,INH,katG,Q36P,36,GENE,CDS,SNP,,,,,S
LID2015A,NC_000962.2,INH,katG,Q471R,471,GENE,CDS,SNP,,,,,U
LID2015A,NC_000962.2,INH,katG,Q525K,525,GENE,CDS,SNP,,,,,S
LID2015A,NC_000962.2,INH,katG,R519H,519,GENE,CDS,SNP,,,,,S
LID2015A,NC_000962.2,INH,katG,R78G,78,GENE,CDS,SNP,,,,,U
LID2015A,NC_000962.2,INH,katG,S211N,211,GENE,CDS,SNP,,,,,U
LID2015A,NC_000962.2,INH,katG,S315N,315,GENE,CDS,SNP,,,,,R
LID2015A,NC_000962.2,INH,katG,S315T,315,GENE,CDS,SNP,,,,,R
LID2015A,NC_000962.2,INH,katG,S446N,446,GENE,CDS,SNP,,,,,S
LID2015A,NC_000962.2,INH,katG,T180K,180,GENE,CDS,SNP,,,,,R
LID2015A,NC_000962.2,INH,katG,T308A,308,GENE,CDS,SNP,,,,,S
LID2015A,NC_000962.2,INH,katG,T394A,394,GENE,CDS,SNP,,,,,S
LID2015A,NC_000962.2,INH,katG,T475I,475,GENE,CDS,SNP,,,,,S
LID2015A,NC_000962.2,INH,katG,T579A,579,GENE,CDS,SNP,,,,,U
LID2015A,NC_000962.2,INH,katG,T625A,625,GENE,CDS,SNP,,,,,S
LID2015A,NC_000962.2,INH,katG,V260I,260,GENE,CDS,SNP,,,,,S
LID2015A,NC_000962.2,INH,katG,V469L,469,GENE,CDS,SNP,,,,,S
LID2015A,NC_000962.2,INH,katG,V473L,473,GENE,CDS,SNP,,,,,S
LID2015A,NC_000962.2,INH,katG,V47I,47,GENE,CDS,SNP,,,,,S
LID2015A,NC_000962.2,INH,katG,V507I,507,GENE,CDS,SNP,,,,,S
LID2015A,NC_000962.2,INH,katG,V633A,633,GENE,CDS,SNP,,,,,R
LID2015A,NC_000962.2,INH,katG,V68G,68,GENE,CDS,SNP,,,,,S
LID2015A,NC_000962.2,INH,katG,V739M,739,GENE,CDS,SNP,,,,,S
LID2015A,NC_000962.2,INH,katG,W149R,149,GENE,CDS,SNP,,,,,U
LID2015A,NC_000962.2,INH,katG,W191R,191,GENE,CDS,SNP,,,,,R
LID2015A,NC_000962.2,INH,katG,W300C,300,GENE,CDS,SNP,,,,,R
LID2015A,NC_000962.2,INH,katG,W328L,328,GENE,CDS,SNP,,,,,R
LID2015A,NC_000962.2,INH,katG,W90R,90,GENE,CDS,SNP,,,,,R
LID2015A,NC_000962.2,INH,katG,Y155S,155,GENE,CDS,SNP,,,,,U
LID2015A,NC_000962.2,INH,katG,a-75g,-75,GENE,PROM,SNP,,,,,U
LID2015A,NC_000962.2,INH,katG,c-79t,-79,GENE,PROM,SNP,,,,,S
LID2015A,NC_000962.2,INH,katG,c-85t,-85,GENE,PROM,SNP,,,,,S
LID2015A,NC_000962.2,INH,katG,g-76a,-76,GENE,PROM,SNP,,,,,S
LID2015A,NC_000962.2,INH,katG,g-89a,-89,GENE,PROM,SNP,,,,,S
LID2015A,NC_000962.2,INH,katG,t-16c,-16,GENE,PROM,SNP,,,,,U
LID2015A,NC_000962.2,INH,ndh,!464?,464,GENE,CDS,SNP,,,,,S
LID2015A,NC_000962.2,INH,ndh,D143A,143,GENE,CDS,SNP,,,,,U
LID2015A,NC_000962.2,INH,ndh,E270Q,270,GENE,CDS,SNP,,,,,S
LID2015A,NC_000962.2,INH,ndh,F437V,437,GENE,CDS,SNP,,,,,S
LID2015A,NC_000962.2,INH,ndh,K208E,208,GENE,CDS,SNP,,,,,U
LID2015A,NC_000962.2,INH,ndh,K32E,32,GENE,CDS,SNP,,,,,U
LID2015A,NC_000962.2,INH,ndh,P384R,384,GENE,CDS,SNP,,,,,S
LID2015A,NC_000962.2,INH,ndh,Q363S,363,GENE,CDS,SNP,,,,,S
LID2015A,NC_000962.2,INH,ndh,R13L,13,GENE,CDS,SNP,,,,,S
LID2015A,NC_000962.2,INH,ndh,R268H,268,GENE,CDS,SNP,,,,,S
LID2015A,NC_000962.2,INH,ndh,R268L,268,GENE,CDS,SNP,,,,,S
LID2015A,NC_000962.2,INH,ndh,R425H,425,GENE,CDS,SNP,,,,,S
LID2015A,NC_000962.2,INH,ndh,S114I,114,GENE,CDS,SNP,,,,,S
LID2015A,NC_000962.2,INH,ndh,V117I,117,GENE,CDS,SNP,,,,,S
LID2015A,NC_000962.2,INH,ndh,V252I,252,GENE,CDS,SNP,,,,,S
LID2015A,NC_000962.2,INH,ndh,V259I,259,GENE,CDS,SNP,,,,,S
LID2015A,NC_000962.2,INH,ndh,c-94t,-94,GENE,PROM,SNP,,,,,S
LID2015A,NC_000962.2,INH,ndh,g-12a,-12,GENE,PROM,SNP,,,,,S
LID2015A,NC_000962.2,INH,ndh,g-17a,-17,GENE,PROM,SNP,,,,,S
LID2015A,NC_000962.2,INH,ndh,g-75c,-75,GENE,PROM,SNP,,,,,S
LID2015A,NC_000962.2,KAN,eis,906_indel,906,GENE,CDS,INDEL,906_del,906_del_1,,,S
LID2015A,NC_000962.2,KAN,eis,T136S,136,GENE,CDS,SNP,,,,,S
LID2015A,NC_000962.2,KAN,eis,V163I,163,GENE,CDS,SNP,,,,,S
LID2015A,NC_000962.2,KAN,eis,g-10a,-10,GENE,PROM,SNP,,,,,R
LID2015A,NC_000962.2,KAN,gidB,202_indel,202,GENE,CDS,INDEL,202_del,202_del_1,,,U
LID2015A,NC_000962.2,KAN,gidB,215_indel,215,GENE,CDS,INDEL,215_del,215_del_1,,,S
LID2015A,NC_000962.2,KAN,gidB,486_indel,486,GENE,CDS,INDEL,486_del,486_del_1,,,S
LID2015A,NC_000962.2,KAN,gidB,A10P,10,GENE,CDS,SNP,,,,,S
LID2015A,NC_000962.2,KAN,gidB,A133G,133,GENE,CDS,SNP,,,,,S
LID2015A,NC_000962.2,KAN,gidB,A134E,134,GENE,CDS,SNP,,,,,S
LID2015A,NC_000962.2,KAN,gidB,A27P,27,GENE,CDS,SNP,,,,,S
LID2015A,NC_000962.2,KAN,gidB,A80P,80,GENE,CDS,SNP,,,,,S
LID2015A,NC_000962.2,KAN,gidB,A8V,8,GENE,CDS,SNP,,,,,S
LID2015A,NC_000962.2,KAN,gidB,E113!,113,GENE,CDS,SNP,,,,,S
LID2015A,NC_000962.2,KAN,gidB,G117R,117,GENE,CDS,SNP,,,,,S
LID2015A,NC_000962.2,KAN,gidB,G69D,69,GENE,CDS,SNP,,,,,S
LID2015A,NC_000962.2,KAN,gidB,L108P,108,GENE,CDS,SNP,,,,,U
LID2015A,NC_000962.2,KAN,gidB,L79S,79,GENE,CDS,SNP,,,,,S
LID2015A,NC_000962.2,KAN,gidB,L79W,79,GENE,CDS,SNP,,,,,S
LID2015A,NC_000962.2,KAN,gidB,P75S,75,GENE,CDS,SNP,,,,,S
LID2015A,NC_000962.2,KAN,gidB,P78R,78,GENE,CDS,SNP,,,,,S
LID2015A,NC_000962.2,KAN,gidB,R47W,47,GENE,CDS,SNP,,,,,S
LID2015A,NC_000962.2,KAN,gidB,V124G,124,GENE,CDS,SNP,,,,,S
LID2015A,NC_000962.2,KAN,gidB,V139L,139,GENE,CDS,SNP,,,,,S
LID2015A,NC_000962.2,KAN,gidB,V77A,77,GENE,CDS,SNP,,,,,S
LID2015A,NC_000962.2,KAN,gidB,V77G,77,GENE,CDS,SNP,,,,,S
LID2015A,NC_000962.2,KAN,gidB,Y195H,195,GENE,CDS,SNP,,,,,S
LID2015A,NC_000962.2,KAN,gidB,g-73a,-73,GENE,PROM,SNP,,,,,S
LID2015A,NC_000962.2,KAN,rrs,a1401g,1401,RNA,RNA,SNP,,,,,R
LID2015A,NC_000962.2,KAN,rrs,a514c,514,RNA,RNA,SNP,,,,,U
LID2015A,NC_000962.2,KAN,rrs,a906g,906,RNA,RNA,SNP,,,,,S
LID2015A,NC_000962.2,KAN,rrs,c-69a,-69,RNA,PROM,SNP,,,,,S
LID2015A,NC_000962.2,KAN,rrs,c517t,517,RNA,RNA,SNP,,,,,S
LID2015A,NC_000962.2,KAN,rrs,c905a,905,RNA,RNA,SNP,,,,,S
LID2015A,NC_000962.2,KAN,rrs,g1379a,1379,RNA,RNA,SNP,,,,,S
LID2015A,NC_000962.2,KAN,rrs,t-4g,-4,RNA,PROM,SNP,,,,,S
LID2015A,NC_000962.2,KAN,rrs,t200a,200,RNA,RNA,SNP,,,,,S
LID2015A,NC_000962.2,KAN,tlyA,H68R,68,GENE,CDS,SNP,,,,,S
LID2015A,NC_000962.2,KAN,tlyA,S156A,156,GENE,CDS,SNP,,,,,S
LID2015A,NC_000962.2,MXF,gyrA,A463S,463,GENE,CDS,SNP,,,,,S
LID2015A,NC_000962.2,MXF,gyrA,A90G,90,GENE,CDS,SNP,,,,,S
LID2015A,NC_000962.2,MXF,gyrA,A90V,90,GENE,CDS,SNP,,,,,R
LID2015A,NC_000962.2,MXF,gyrA,D641E,641,GENE,CDS,SNP,,,,,U
LID2015A,NC_000962.2,MXF,gyrA,D94A,94,GENE,CDS,SNP,,,,,R
LID2015A,NC_000962.2,MXF,gyrA,D94G,94,GENE,CDS,SNP,,,,,R
LID2015A,NC_000962.2,MXF,gyrA,D94H,94,GENE,CDS,SNP,,,,,S
LID2015A,NC_000962.2,MXF,gyrA,D94N,94,GENE,CDS,SNP,,,,,R
LID2015A,NC_000962.2,MXF,gyrA,F152L,152,GENE,CDS,SNP,,,,,S
LID2015A,NC_000962.2,MXF,gyrA,L205V,205,GENE,CDS,SNP,,,,,S
LID2015A,NC_000962.2,MXF,gyrA,L296P,296,GENE,CDS,SNP,,,,,S
LID2015A,NC_000962.2,MXF,gyrA,M220R,220,GENE,CDS,SNP,,,,,U
LID2015A,NC_000962.2,MXF,gyrA,M438I,438,GENE,CDS,SNP,,,,,S
LID2015A,NC_000962.2,MXF,gyrA,N193S,193,GENE,CDS,SNP,,,,,S
LID2015A,NC_000962.2,MXF,gyrA,P8A,8,GENE,CDS,SNP,,,,,S
LID2015A,NC_000962.2,MXF,gyrA,Q613E,613,GENE,CDS,SNP,,,,,S
LID2015A,NC_000962.2,MXF,gyrA,S91P,91,GENE,CDS,SNP,,,,,R
LID2015A,NC_000962.2,MXF,gyrA,T5A,5,GENE,CDS,SNP,,,,,S
LID2015A,NC_000962.2,MXF,gyrA,c-34t,-34,GENE,PROM,SNP,,,,,S
LID2015A,NC_000962.2,MXF,gyrA,c-80t,-80,GENE,PROM,SNP,,,,,S
LID2015A,NC_000962.2,MXF,gyrB,C20W,20,GENE,CDS,SNP,,,,,S
LID2015A,NC_000962.2,MXF,gyrB,D381E,381,GENE,CDS,SNP,,,,,S
LID2015A,NC_000962.2,MXF,gyrB,E60K,60,GENE,CDS,SNP,,,,,S
LID2015A,NC_000962.2,MXF,gyrB,M655V,655,GENE,CDS,SNP,,,,,S
LID2015A,NC_000962.2,MXF,gyrB,P133L,133,GENE,CDS,SNP,,,,,S
LID2015A,NC_000962.2,MXF,gyrB,R485H,485,GENE,CDS,SNP,,,,,S
LID2015A,NC_000962.2,MXF,gyrB,V340L,340,GENE,CDS,SNP,,,,,S
LID2015A,NC_000962.2,MXF,gyrB,g-6c,-6,GENE,PROM,SNP,,,,,S
LID2015A,NC_000962.2,OFX,gyrA,A463S,463,GENE,CDS,SNP,,,,,S
LID2015A,NC_000962.2,OFX,gyrA,A90G,90,GENE,CDS,SNP,,,,,S
LID2015A,NC_000962.2,OFX,gyrA,A90V,90,GENE,CDS,SNP,,,,,R
LID2015A,NC_000962.2,OFX,gyrA,D641E,641,GENE,CDS,SNP,,,,,U
LID2015A,NC_000962.2,OFX,gyrA,D94A,94,GENE,CDS,SNP,,,,,R
LID2015A,NC_000962.2,OFX,gyrA,D94G,94,GENE,CDS,SNP,,,,,R
LID2015A,NC_000962.2,OFX,gyrA,D94H,94,GENE,CDS,SNP,,,,,S
LID2015A,NC_000962.2,OFX,gyrA,D94N,94,GENE,CDS,SNP,,,,,R
LID2015A,NC_000962.2,OFX,gyrA,F152L,152,GENE,CDS,SNP,,,,,S
LID2015A,NC_000962.2,OFX,gyrA,L205V,205,GENE,CDS,SNP,,,,,S
LID2015A,NC_000962.2,OFX,gyrA,L296P,296,GENE,CDS,SNP,,,,,S
LID2015A,NC_000962.2,OFX,gyrA,M220R,220,GENE,CDS,SNP,,,,,U
LID2015A,NC_000962.2,OFX,gyrA,M438I,438,GENE,CDS,SNP,,,,,S
LID2015A,NC_000962.2,OFX,gyrA,N193S,193,GENE,CDS,SNP,,,,,S
LID2015A,NC_000962.2,OFX,gyrA,P8A,8,GENE,CDS,SNP,,,,,S
LID2015A,NC_000962.2,OFX,gyrA,Q613E,613,GENE,CDS,SNP,,,,,S
LID2015A,NC_000962.2,OFX,gyrA,S91P,91,GENE,CDS,SNP,,,,,R
LID2015A,NC_000962.2,OFX,gyrA,T5A,5,GENE,CDS,SNP,,,,,S
LID2015A,NC_000962.2,OFX,gyrA,c-34t,-34,GENE,PROM,SNP,,,,,S
LID2015A,NC_000962.2,OFX,gyrA,c-80t,-80,GENE,PROM,SNP,,,,,S
LID2015A,NC_000962.2,OFX,gyrB,C20W,20,GENE,CDS,SNP,,,,,S
LID2015A,NC_000962.2,OFX,gyrB,D381E,381,GENE,CDS,SNP,,,,,S
LID2015A,NC_000962.2,OFX,gyrB,E60K,60,GENE,CDS,SNP,,,,,S
LID2015A,NC_000962.2,OFX,gyrB,M655V,655,GENE,CDS,SNP,,,,,S
LID2015A,NC_000962.2,OFX,gyrB,P133L,133,GENE,CDS,SNP,,,,,S
LID2015A,NC_000962.2,OFX,gyrB,R485H,485,GENE,CDS,SNP,,,,,S
LID2015A,NC_000962.2,OFX,gyrB,V340L,340,GENE,CDS,SNP,,,,,S
LID2015A,NC_000962.2,OFX,gyrB,g-6c,-6,GENE,PROM,SNP,,,,,S
LID2015A,NC_000962.2,PZA,pncA,!187?,187,GENE,CDS,SNP,,,,,S
LID2015A,NC_000962.2,PZA,pncA,-6_indel,-6,GENE,PROM,INDEL,-6_del,-6_del_19,,,S
LID2015A,NC_000962.2,PZA,pncA,-9_indel,-9,GENE,PROM,INDEL,-9_del,-9_del_16,,,S
LID2015A,NC_000962.2,PZA,pncA,177_indel,177,GENE,CDS,INDEL,177_del,177_del_1,,,R
LID2015A,NC_000962.2,PZA,pncA,292_indel,292,GENE,CDS,INDEL,292_ins,292_ins_2,292_ins_at,,R
LID2015A,NC_000962.2,PZA,pncA,300_indel,300,GENE,CDS,INDEL,300_del,300_del_1,,,S
LID2015A,NC_000962.2,PZA,pncA,409_indel,409,GENE,CDS,INDEL,409_del,409_del_1,,,R
LID2015A,NC_000962.2,PZA,pncA,491_indel,491,GENE,CDS,INDEL,491_ins,491_ins_3,491_ins_acc,,R
LID2015A,NC_000962.2,PZA,pncA,494_indel,494,GENE,CDS,INDEL,494_del,494_del_1,,,R
LID2015A,NC_000962.2,PZA,pncA,516_indel,516,GENE,CDS,INDEL,516_del,516_del_1,,,S
LID2015A,NC_000962.2,PZA,pncA,528_indel,528,GENE,CDS,INDEL,528_ins,528_ins_11,528_ins_ggccgtctggc,,R
LID2015A,NC_000962.2,PZA,pncA,570_indel,570,GENE,CDS,INDEL,570_ins,570_ins_2,570_ins_ct,,R
LID2015A,NC_000962.2,PZA,pncA,98_indel,98,GENE,CDS,INDEL,98_ins,98_ins_2,98_ins_cg,,S
LID2015A,NC_000962.2,PZA,pncA,A134D,134,GENE,CDS,SNP,,,,,S
LID2015A,NC_000962.2,PZA,pncA,A143V,143,GENE,CDS,SNP,,,,,S
LID2015A,NC_000962.2,PZA,pncA,A146T,146,GENE,CDS,SNP,,,,,S
LID2015A,NC_000962.2,PZA,pncA,A79T,79,GENE,CDS,SNP,,,,,S
LID2015A,NC_000962.2,PZA,pncA,C138R,138,GENE,CDS,SNP,,,,,R
LID2015A,NC_000962.2,PZA,pncA,C14R,14,GENE,CDS,SNP,,,,,R
LID2015A,NC_000962.2,PZA,pncA,D129N,129,GENE,CDS,SNP,,,,,S
LID2015A,NC_000962.2,PZA,pncA,D12A,12,GENE,CDS,SNP,,,,,R
LID2015A,NC_000962.2,PZA,pncA,D136N,136,GENE,CDS,SNP,,,,,R
LID2015A,NC_000962.2,PZA,pncA,D49N,49,GENE,CDS,SNP,,,,,R
LID2015A,NC_000962.2,PZA,pncA,D8G,8,GENE,CDS,SNP,,,,,R
LID2015A,NC_000962.2,PZA,pncA,D8N,8,GENE,CDS,SNP,,,,,R
LID2015A,NC_000962.2,PZA,pncA,E37V,37,GENE,CDS,SNP,,,,,S
LID2015A,NC_000962.2,PZA,pncA,G132D,132,GENE,CDS,SNP,,,,,R
LID2015A,NC_000962.2,PZA,pncA,G162D,162,GENE,CDS,SNP,,,,,R
LID2015A,NC_000962.2,PZA,pncA,G17S,17,GENE,CDS,SNP,,,,,S
LID2015A,NC_000962.2,PZA,pncA,G78C,78,GENE,CDS,SNP,,,,,R
LID2015A,NC_000962.2,PZA,pncA,G97D,97,GENE,CDS,SNP,,,,,R
LID2015A,NC_000962.2,PZA,pncA,H57D,57,GENE,CDS,SNP,,,,,R
LID2015A,NC_000962.2,PZA,pncA,H57R,57,GENE,CDS,SNP,,,,,R
LID2015A,NC_000962.2,PZA,pncA,H71Y,71,GENE,CDS,SNP,,,,,S
LID2015A,NC_000962.2,PZA,pncA,K96T,96,GENE,CDS,SNP,,,,,R
LID2015A,NC_000962.2,PZA,pncA,L172P,172,GENE,CDS,SNP,,,,,R
LID2015A,NC_000962.2,PZA,pncA,L27P,27,GENE,CDS,SNP,,,,,R
LID2015A,NC_000962.2,PZA,pncA,L35R,35,GENE,CDS,SNP,,,,,S
LID2015A,NC_000962.2,PZA,pncA,L4S,4,GENE,CDS,SNP,,,,,R
LID2015A,NC_000962.2,PZA,pncA,P77L,77,GENE,CDS,SNP,,,,,S
LID2015A,NC_000962.2,PZA,pncA,Q10!,10,GENE,CDS,SNP,,,,,R
LID2015A,NC_000962.2,PZA,pncA,Q141!,141,GENE,CDS,SNP,,,,,R
LID2015A,NC_000962.2,PZA,pncA,R121Q,121,GENE,CDS,SNP,,,,,S
LID2015A,NC_000962.2,PZA,pncA,S104R,104,GENE,CDS,SNP,,,,,R
LID2015A,NC_000962.2,PZA,pncA,S18P,18,GENE,CDS,SNP,,,,,S
LID2015A,NC_000962.2,PZA,pncA,S66L,66,GENE,CDS,SNP,,,,,S
LID2015A,NC_000962.2,PZA,pncA,T114M,114,GENE,CDS,SNP,,,,,S
LID2015A,NC_000962.2,PZA,pncA,T168S,168,GENE,CDS,SNP,,,,,S
LID2015A,NC_000962.2,PZA,pncA,T47A,47,GENE,CDS,SNP,,,,,S
LID2015A,NC_000962.2,PZA,pncA,T47I,47,GENE,CDS,SNP,,,,,S
LID2015A,NC_000962.2,PZA,pncA,T87M,87,GENE,CDS,SNP,,,,,S
LID2015A,NC_000962.2,PZA,pncA,V125G,125,GENE,CDS,SNP,,,,,R
LID2015A,NC_000962.2,PZA,pncA,V139A,139,GENE,CDS,SNP,,,,,S
LID2015A,NC_000962.2,PZA,pncA,V139L,139,GENE,CDS,SNP,,,,,R
LID2015A,NC_000962.2,PZA,pncA,V180F,180,GENE,CDS,SNP,,,,,R
LID2015A,NC_000962.2,PZA,pncA,V183L,183,GENE,CDS,SNP,,,,,S
LID2015A,NC_000962.2,PZA,pncA,V21G,21,GENE,CDS,SNP,,,,,S
LID2015A,NC_000962.2,PZA,pncA,V7L,7,GENE,CDS,SNP,,,,,R
LID2015A,NC_000962.2,PZA,pncA,W68C,68,GENE,CDS,SNP,,,,,R
LID2015A,NC_000962.2,PZA,pncA,Y64D,64,GENE,CDS,SNP,,,,,S
LID2015A,NC_000962.2,PZA,pncA,a-11g,-11,GENE,PROM,SNP,,,,,R
LID2015A,NC_000962.2,PZA,pncA,g-33a,-33,GENE,PROM,SNP,,,,,S
LID2015A,NC_000962.2,PZA,pncA,t-12c,-12,GENE,PROM,SNP,,,,,R
LID2015A,NC_000962.2,PZA,rpsA,1622_indel,1622,GENE,CDS,INDEL,1622_del,1622_del_1,,,S
LID2015A,NC_000962.2,PZA,rpsA,A118E,118,GENE,CDS,SNP,,,,,S
LID2015A,NC_000962.2,PZA,rpsA,A440T,440,GENE,CDS,SNP,,,,,R
LID2015A,NC_000962.2,PZA,rpsA,A460T,460,GENE,CDS,SNP,,,,,S
LID2015A,NC_000962.2,PZA,rpsA,A468S,468,GENE,CDS,SNP,,,,,S
LID2015A,NC_000962.2,PZA,rpsA,D123A,123,GENE,CDS,SNP,,,,,S
LID2015A,NC_000962.2,PZA,rpsA,E121D,121,GENE,CDS,SNP,,,,,S
LID2015A,NC_000962.2,PZA,rpsA,E197K,197,GENE,CDS,SNP,,,,,S
LID2015A,NC_000962.2,PZA,rpsA,E386A,386,GENE,CDS,SNP,,,,,S
LID2015A,NC_000962.2,PZA,rpsA,E408K,408,GENE,CDS,SNP,,,,,S
LID2015A,NC_000962.2,PZA,rpsA,E413G,413,GENE,CDS,SNP,,,,,S
LID2015A,NC_000962.2,PZA,rpsA,E457G,457,GENE,CDS,SNP,,,,,S
LID2015A,NC_000962.2,PZA,rpsA,I30V,30,GENE,CDS,SNP,,,,,S
LID2015A,NC_000962.2,PZA,rpsA,I70L,70,GENE,CDS,SNP,,,,,S
LID2015A,NC_000962.2,PZA,rpsA,K122M,122,GENE,CDS,SNP,,,,,S
LID2015A,NC_000962.2,PZA,rpsA,K127N,127,GENE,CDS,SNP,,,,,S
LID2015A,NC_000962.2,PZA,rpsA,K167Q,167,GENE,CDS,SNP,,,,,S
LID2015A,NC_000962.2,PZA,rpsA,K300E,300,GENE,CDS,SNP,,,,,S
LID2015A,NC_000962.2,PZA,rpsA,M432T,432,GENE,CDS,SNP,,,,,S
LID2015A,NC_000962.2,PZA,rpsA,N77K,77,GENE,CDS,SNP,,,,,S
LID2015A,NC_000962.2,PZA,rpsA,P163S,163,GENE,CDS,SNP,,,,,S
LID2015A,NC_000962.2,PZA,rpsA,P298S,298,GENE,CDS,SNP,,,,,S
LID2015A,NC_000962.2,PZA,rpsA,Q448R,448,GENE,CDS,SNP,,,,,S
LID2015A,NC_000962.2,PZA,rpsA,Q469E,469,GENE,CDS,SNP,,,,,S
LID2015A,NC_000962.2,PZA,rpsA,S81Y,81,GENE,CDS,SNP,,,,,S
LID2015A,NC_000962.2,PZA,rpsA,V260I,260,GENE,CDS,SNP,,,,,S
LID2015A,NC_000962.2,PZA,rpsA,c-27t,-27,GENE,PROM,SNP,,,,,S
LID2015A,NC_000962.2,RIF,rpoB,1396_indel,1396,GENE,CDS,INDEL,1396_ins,1396_ins_4,1396_ins_attc,,R
LID2015A,NC_000962.2,RIF,rpoB,1427_indel,1427,GENE,CDS,INDEL,1427_del,1427_del_7,,,R
LID2015A,NC_000962.2,RIF,rpoB,2646_indel,2646,GENE,CDS,INDEL,2646_ins,2646_ins_7,2646_ins_gcgagga,,S
LID2015A,NC_000962.2,RIF,rpoB,389_indel,389,GENE,CDS,INDEL,389_ins,389_ins_7,389_ins_atgtcgt,,U
LID2015A,NC_000962.2,RIF,rpoB,A538V,538,GENE,CDS,SNP,,,,,U
LID2015A,NC_000962.2,RIF,rpoB,A544V,544,GENE,CDS,SNP,,,,,S
LID2015A,NC_000962.2,RIF,rpoB,A69P,69,GENE,CDS,SNP,,,,,S
LID2015A,NC_000962.2,RIF,rpoB,A857T,857,GENE,CDS,SNP,,,,,S
LID2015A,NC_000962.2,RIF,rpoB,D270E,270,GENE,CDS,SNP,,,,,S
LID2015A,NC_000962.2,RIF,rpoB,D3G,3,GENE,CDS,SNP,,,,,S
LID2015A,NC_000962.2,RIF,rpoB,D435F,435,GENE,CDS,SNP,,,,,R
LID2015A,NC_000962.2,RIF,rpoB,D435V,435,GENE,CDS,SNP,,,,,R
LID2015A,NC_000962.2,RIF,rpoB,D435Y,435,GENE,CDS,SNP,,,,,S
LID2015A,NC_000962.2,RIF,rpoB,D515Y,515,GENE,CDS,SNP,,,,,S
LID2015A,NC_000962.2,RIF,rpoB,D634G,634,GENE,CDS,SNP,,,,,S
LID2015A,NC_000962.2,RIF,rpoB,E1169A,1169,GENE,CDS,SNP,,,,,S
LID2015A,NC_000962.2,RIF,rpoB,E132D,132,GENE,CDS,SNP,,,,,S
LID2015A,NC_000962.2,RIF,rpoB,E639D,639,GENE,CDS,SNP,,,,,U
LID2015A,NC_000962.2,RIF,rpoB,E66K,66,GENE,CDS,SNP,,,,,S
LID2015A,NC_000962.2,RIF,rpoB,E825G,825,GENE,CDS,SNP,,,,,S
LID2015A,NC_000962.2,RIF,rpoB,G890D,890,GENE,CDS,SNP,,,,,S
LID2015A,NC_000962.2,RIF,rpoB,H343Q,343,GENE,CDS,SNP,,,,,S
LID2015A,NC_000962.2,RIF,rpoB,H445D,445,GENE,CDS,SNP,,,,,R
LID2015A,NC_000962.2,RIF,rpoB,H445N,445,GENE,CDS,SNP,,,,,R
LID2015A,NC_000962.2,RIF,rpoB,H445R,445,GENE,CDS,SNP,,,,,R
LID2015A,NC_000962.2,RIF,rpoB,H445Y,445,GENE,CDS,SNP,,,,,R
LID2015A,NC_000962.2,RIF,rpoB,H674Q,674,GENE,CDS,SNP,,,,,S
LID2015A,NC_000962.2,RIF,rpoB,I480V,480,GENE,CDS,SNP,,,,,U
LID2015A,NC_000962.2,RIF,rpoB,I491F,491,GENE,CDS,SNP,,,,,R
LID2015A,NC_000962.2,RIF,rpoB,K944E,944,GENE,CDS,SNP,,,,,S
LID2015A,NC_000962.2,RIF,rpoB,L314V,314,GENE,CDS,SNP,,,,,S
LID2015A,NC_000962.2,RIF,rpoB,L316V,316,GENE,CDS,SNP,,,,,S
LID2015A,NC_000962.2,RIF,rpoB,L430P,430,GENE,CDS,SNP,,,,,S
LID2015A,NC_000962.2,RIF,rpoB,L452P,452,GENE,CDS,SNP,,,,,R
LID2015A,NC_000962.2,RIF,rpoB,L893R,893,GENE,CDS,SNP,,,,,S
LID2015A,NC_000962.2,RIF,rpoB,M121I,121,GENE,CDS,SNP,,,,,S
LID2015A,NC_000962.2,RIF,rpoB,M390T,390,GENE,CDS,SNP,,,,,S
LID2015A,NC_000962.2,RIF,rpoB,N24D,24,GENE,CDS,SNP,,,,,S
LID2015A,NC_000962.2,RIF,rpoB,P30S,30,GENE,CDS,SNP,,,,,S
LID2015A,NC_000962.2,RIF,rpoB,P358L,358,GENE,CDS,SNP,,,,,S
LID2015A,NC_000962.2,RIF,rpoB,P45S,45,GENE,CDS,SNP,,,,,U
LID2015A,NC_000962.2,RIF,rpoB,P834L,834,GENE,CDS,SNP,,,,,S
LID2015A,NC_000962.2,RIF,rpoB,P89L,89,GENE,CDS,SNP,,,,,S
LID2015A,NC_000962.2,RIF,rpoB,Q432K,432,GENE,CDS,SNP,,,,,R
LID2015A,NC_000962.2,RIF,rpoB,Q975H,975,GENE,CDS,SNP,,,,,U
LID2015A,NC_000962.2,RIF,rpoB,R219C,219,GENE,CDS,SNP,,,,,U
LID2015A,NC_000962.2,RIF,rpoB,R511L,511,GENE,CDS,SNP,,,,,S
LID2015A,NC_000962.2,RIF,rpoB,S388L,388,GENE,CDS,SNP,,,,,S
LID2015A,NC_000962.2,RIF,rpoB,S431G,431,GENE,CDS,SNP,,,,,R
LID2015A,NC_000962.2,RIF,rpoB,S450F,450,GENE,CDS,SNP,,,,,R
LID2015A,NC_000962.2,RIF,rpoB,S450L,450,GENE,CDS,SNP,,,,,R
LID2015A,NC_000962.2,RIF,rpoB,S450W,450,GENE,CDS,SNP,,,,,R
LID2015A,NC_000962.2,RIF,rpoB,S874F,874,GENE,CDS,SNP,,,,,U
LID2015A,NC_000962.2,RIF,rpoB,T350I,350,GENE,CDS,SNP,,,,,S
LID2015A,NC_000962.2,RIF,rpoB,T526S,526,GENE,CDS,SNP,,,,,S
LID2015A,NC_000962.2,RIF,rpoB,V109I,109,GENE,CDS,SNP,,,,,S
LID2015A,NC_000962.2,RIF,rpoB,V1129A,1129,GENE,CDS,SNP,,,,,S
LID2015A,NC_000962.2,RIF,rpoB,V168A,168,GENE,CDS,SNP,,,,,U
LID2015A,NC_000962.2,RIF,rpoB,V170F,170,GENE,CDS,SNP,,,,,R
LID2015A,NC_000962.2,RIF,rpoB,V179A,179,GENE,CDS,SNP,,,,,S
LID2015A,NC_000962.2,RIF,rpoB,V262A,262,GENE,CDS,SNP,,,,,R
LID2015A,NC_000962.2,RIF,rpoB,V359A,359,GENE,CDS,SNP,,,,,R
LID2015A,NC_000962.2,RIF,rpoB,V496A,496,GENE,CDS,SNP,,,,,U
LID2015A,NC_000962.2,RIF,rpoB,V77M,77,GENE,CDS,SNP,,,,,S
LID2015A,NC_000962.2,RIF,rpoB,a-53g,-53,GENE,PROM,SNP,,,,,S
LID2015A,NC_000962.2,RIF,rpoB,g-96a,-96,GENE,PROM,SNP,,,,,S
LID2015A,NC_000962.2,RIF,rpoB,t-6c,-6,GENE,PROM,SNP,,,,,S
LID2015A,NC_000962.2,STM,gidB,141_indel,141,GENE,CDS,INDEL,141_del,141_del_1,,,R
LID2015A,NC_000962.2,STM,gidB,202_indel,202,GENE,CDS,INDEL,202_del,202_del_1,,,R
LID2015A,NC_000962.2,STM,gidB,215_indel,215,GENE,CDS,INDEL,215_del,215_del_1,,,S
LID2015A,NC_000962.2,STM,gidB,229_indel,229,GENE,CDS,INDEL,229_del,229_del_15,,,S
LID2015A,NC_000962.2,STM,gidB,451_indel,451,GENE,CDS,INDEL,451_del,451_del_1,,,U
LID2015A,NC_000962.2,STM,gidB,504_indel,504,GENE,CDS,INDEL,504_del,504_del_1,,,U
LID2015A,NC_000962.2,STM,gidB,618_indel,618,GENE,CDS,INDEL,618_ins,618_ins_2,618_ins_ct,,S
LID2015A,NC_000962.2,STM,gidB,A10P,10,GENE,CDS,SNP,,,,,S
LID2015A,NC_000962.2,STM,gidB,A10V,10,GENE,CDS,SNP,,,,,S
LID2015A,NC_000962.2,STM,gidB,A133G,133,GENE,CDS,SNP,,,,,S
LID2015A,NC_000962.2,STM,gidB,A133P,133,GENE,CDS,SNP,,,,,S
LID2015A,NC_000962.2,STM,gidB,A134E,134,GENE,CDS,SNP,,,,,R
LID2015A,NC_000962.2,STM,gidB,A138T,138,GENE,CDS,SNP,,,,,R
LID2015A,NC_000962.2,STM,gidB,A138V,138,GENE,CDS,SNP,,,,,R
LID2015A,NC_000962.2,STM,gidB,A200E,200,GENE,CDS,SNP,,,,,R
LID2015A,NC_000962.2,STM,gidB,A27P,27,GENE,CDS,SNP,,,,,S
LID2015A,NC_000962.2,STM,gidB,A80P,80,GENE,CDS,SNP,,,,,R
LID2015A,NC_000962.2,STM,gidB,A8V,8,GENE,CDS,SNP,,,,,U
LID2015A,NC_000962.2,STM,gidB,C52Y,52,GENE,CDS,SNP,,,,,S
LID2015A,NC_000962.2,STM,gidB,D67A,67,GENE,CDS,SNP,,,,,S
LID2015A,NC_000962.2,STM,gidB,E57K,57,GENE,CDS,SNP,,,,,S
LID2015A,NC_000962.2,STM,gidB,E92G,92,GENE,CDS,SNP,,,,,S
LID2015A,NC_000962.2,STM,gidB,G117R,117,GENE,CDS,SNP,,,,,S
LID2015A,NC_000962.2,STM,gidB,G34A,34,GENE,CDS,SNP,,,,,U
LID2015A,NC_000962.2,STM,gidB,G69D,69,GENE,CDS,SNP,,,,,R
LID2015A,NC_000962.2,STM,gidB,H48N,48,GENE,CDS,SNP,,,,,R
LID2015A,NC_000962.2,STM,gidB,H48Y,48,GENE,CDS,SNP,,,,,S
LID2015A,NC_000962.2,STM,gidB,L108P,108,GENE,CDS,SNP,,,,,S
LID2015A,NC_000962.2,STM,gidB,L152S,152,GENE,CDS,SNP,,,,,S
LID2015A,NC_000962.2,STM,gidB,L79S,79,GENE,CDS,SNP,,,,,S
LID2015A,NC_000962.2,STM,gidB,L90V,90,GENE,CDS,SNP,,,,,S
LID2015A,NC_000962.2,STM,gidB,L91P,91,GENE,CDS,SNP,,,,,R
LID2015A,NC_000962.2,STM,gidB,P75L,75,GENE,CDS,SNP,,,,,R
LID2015A,NC_000962.2,STM,gidB,P75S,75,GENE,CDS,SNP,,,,,U
LID2015A,NC_000962.2,STM,gidB,P78Q,78,GENE,CDS,SNP,,,,,S
LID2015A,NC_000962.2,STM,gidB,Q87E,87,GENE,CDS,SNP,,,,,S
LID2015A,NC_000962.2,STM,gidB,R137W,137,GENE,CDS,SNP,,,,,R
LID2015A,NC_000962.2,STM,gidB,R20Q,20,GENE,CDS,SNP,,,,,S
LID2015A,NC_000962.2,STM,gidB,S136!,136,GENE,CDS,SNP,,,,,S
LID2015A,NC_000962.2,STM,gidB,S149R,149,GENE,CDS,SNP,,,,,S
LID2015A,NC_000962.2,STM,gidB,S70N,70,GENE,CDS,SNP,,,,,R
LID2015A,NC_000962.2,STM,gidB,S70R,70,GENE,CDS,SNP,,,,,S
LID2015A,NC_000962.2,STM,gidB,V139L,139,GENE,CDS,SNP,,,,,S
LID2015A,NC_000962.2,STM,gidB,V65G,65,GENE,CDS,SNP,,,,,R
LID2015A,NC_000962.2,STM,gidB,V66G,66,GENE,CDS,SNP,,,,,S
LID2015A,NC_000962.2,STM,gidB,V77A,77,GENE,CDS,SNP,,,,,S
LID2015A,NC_000962.2,STM,gidB,V77G,77,GENE,CDS,SNP,,,,,S
LID2015A,NC_000962.2,STM,gidB,V88A,88,GENE,CDS,SNP,,,,,R
LID2015A,NC_000962.2,STM,gidB,Y195H,195,GENE,CDS,SNP,,,,,S
LID2015A,NC_000962.2,STM,rpsL,K43R,43,GENE,CDS,SNP,,,,,R
LID2015A,NC_000962.2,STM,rpsL,K88R,88,GENE,CDS,SNP,,,,,R
LID2015A,NC_000962.2,STM,rpsL,K88T,88,GENE,CDS,SNP,,,,,U
LID2015A,NC_000962.2,STM,rpsL,c-21a,-21,GENE,PROM,SNP,,,,,S
LID2015A,NC_000962.2,STM,rpsL,g-58t,-58,GENE,PROM,SNP,,,,,U
LID2015A,NC_000962.2,STM,rpsL,g-72a,-72,GENE,PROM,SNP,,,,,S
LID2015A,NC_000962.2,STM,rrs,1206_indel,1206,RNA,RNA,INDEL,1206_del,1206_del_253,,,S
LID2015A,NC_000962.2,STM,rrs,63_indel,63,RNA,RNA,INDEL,63_ins,63_ins_2,63_ins_ag,,S
LID2015A,NC_000962.2,STM,rrs,a1278g,1278,RNA,RNA,SNP,,,,,S
LID2015A,NC_000962.2,STM,rrs,a1401g,1401,RNA,RNA,SNP,,,,,U
LID2015A,NC_000962.2,STM,rrs,a170g,170,RNA,RNA,SNP,,,,,U
LID2015A,NC_000962.2,STM,rrs,a335c,335,RNA,RNA,SNP,,,,,S
LID2015A,NC_000962.2,STM,rrs,a514c,514,RNA,RNA,SNP,,,,,R
LID2015A,NC_000962.2,STM,rrs,c1257t,1257,RNA,RNA,SNP,,,,,S
LID2015A,NC_000962.2,STM,rrs,c1346t,1346,RNA,RNA,SNP,,,,,S
LID2015A,NC_000962.2,STM,rrs,c22t,22,RNA,RNA,SNP,,,,,S
LID2015A,NC_000962.2,STM,rrs,c513t,513,RNA,RNA,SNP,,,,,R
LID2015A,NC_000962.2,STM,rrs,c517t,517,RNA,RNA,SNP,,,,,R
LID2015A,NC_000962.2,STM,rrs,g1068a,1068,RNA,RNA,SNP,,,,,S
LID2015A,NC_000962.2,STM,rrs,g1176a,1176,RNA,RNA,SNP,,,,,S
LID2015A,NC_000962.2,STM,rrs,g1353t,1353,RNA,RNA,SNP,,,,,S
LID2015A,NC_000962.2,STM,rrs,g1379a,1379,RNA,RNA,SNP,,,,,S
LID2015A,NC_000962.2,STM,rrs,g349a,349,RNA,RNA,SNP,,,,,S
LID2015A,NC_000962.2,STM,rrs,g754a,754,RNA,RNA,SNP,,,,,S
LID2015A,NC_000962.2,STM,rrs,t-4g,-4,RNA,PROM,SNP,,,,,S
LID2015A,NC_000962.2,STM,rrs,t1360c,1360,RNA,RNA,SNP,,,,,S
LID2015A,NC_000962.2,STM,rrs,t200a,200,RNA,RNA,SNP,,,,,S
LID2015A,NC_000962.2,STM,tlyA,D35G,35,GENE,CDS,SNP,,,,,S
LID2015A,NC_000962.2,STM,tlyA,E257A,257,GENE,CDS,SNP,,,,,S
LID2015A,NC_000962.2,STM,tlyA,L87V,87,GENE,CDS,SNP,,,,,S
LID2015A,NC_000962.2,STM,tlyA,V32L,32,GENE,CDS,SNP,,,,,S
LID2015A,NC_000962.2,STM,tlyA,c-83t,-83,GENE,PROM,SNP,,,,,U
LID2015A,NC_000962.2,STM,tlyA,c-89a,-89,GENE,PROM,SNP,,,,,S
LID2015A,NC_000962.2,EMB,iniA,*=,*,GENE,CDS,SNP,,,,,S
LID2015A,NC_000962.2,EMB,iniA,*?,*,GENE,CDS,SNP,,,,,U
LID2015A,NC_000962.2,EMB,iniA,-*?,*,GENE,PROM,SNP,,,,,U
LID2015A,NC_000962.2,EMB,iniA,*_indel,*,GENE,CDS,INDEL,,,,,U
LID2015A,NC_000962.2,EMB,iniA,-*_indel,*,GENE,PROM,INDEL,,,,,U
LID2015A,NC_000962.2,INH,ahpC,*=,*,GENE,CDS,SNP,,,,,S
LID2015A,NC_000962.2,INH,ahpC,*?,*,GENE,CDS,SNP,,,,,U
LID2015A,NC_000962.2,INH,ahpC,-*?,*,GENE,PROM,SNP,,,,,U
LID2015A,NC_000962.2,INH,ahpC,*_indel,*,GENE,CDS,INDEL,,,,,U
LID2015A,NC_000962.2,INH,ahpC,-*_indel,*,GENE,PROM,INDEL,,,,,U
LID2015A,NC_000962.2,RIF,rpoB,*=,*,GENE,CDS,SNP,,,,,S
LID2015A,NC_000962.2,RIF,rpoB,*?,*,GENE,CDS,SNP,,,,,U
LID2015A,NC_000962.2,RIF,rpoB,-*?,*,GENE,PROM,SNP,,,,,U
LID2015A,NC_000962.2,RIF,rpoB,*_indel,*,GENE,CDS,INDEL,,,,,U
LID2015A,NC_000962.2,RIF,rpoB,-*_indel,*,GENE,PROM,INDEL,,,,,U
LID2015A,NC_000962.2,EMB,embC,*=,*,GENE,CDS,SNP,,,,,S
LID2015A,NC_000962.2,EMB,embC,*?,*,GENE,CDS,SNP,,,,,U
LID2015A,NC_000962.2,EMB,embC,-*?,*,GENE,PROM,SNP,,,,,U
LID2015A,NC_000962.2,EMB,embC,*_indel,*,GENE,CDS,INDEL,,,,,U
LID2015A,NC_000962.2,EMB,embC,-*_indel,*,GENE,PROM,INDEL,,,,,U
LID2015A,NC_000962.2,STM,rpsL,*=,*,GENE,CDS,SNP,,,,,S
LID2015A,NC_000962.2,STM,rpsL,*?,*,GENE,CDS,SNP,,,,,U
LID2015A,NC_000962.2,STM,rpsL,-*?,*,GENE,PROM,SNP,,,,,U
LID2015A,NC_000962.2,STM,rpsL,*_indel,*,GENE,CDS,INDEL,,,,,U
LID2015A,NC_000962.2,STM,rpsL,-*_indel,*,GENE,PROM,INDEL,,,,,U
LID2015A,NC_000962.2,EMB,embR,*=,*,GENE,CDS,SNP,,,,,S
LID2015A,NC_000962.2,EMB,embR,*?,*,GENE,CDS,SNP,,,,,U
LID2015A,NC_000962.2,EMB,embR,-*?,*,GENE,PROM,SNP,,,,,U
LID2015A,NC_000962.2,EMB,embR,*_indel,*,GENE,CDS,INDEL,,,,,U
LID2015A,NC_000962.2,EMB,embR,-*_indel,*,GENE,PROM,INDEL,,,,,U
LID2015A,NC_000962.2,CIP,gyrA,*=,*,GENE,CDS,SNP,,,,,S
LID2015A,NC_000962.2,CIP,gyrA,*?,*,GENE,CDS,SNP,,,,,U
LID2015A,NC_000962.2,CIP,gyrA,-*?,*,GENE,PROM,SNP,,,,,U
LID2015A,NC_000962.2,CIP,gyrA,*_indel,*,GENE,CDS,INDEL,,,,,U
LID2015A,NC_000962.2,CIP,gyrA,-*_indel,*,GENE,PROM,INDEL,,,,,U
LID2015A,NC_000962.2,OFX,gyrA,*=,*,GENE,CDS,SNP,,,,,S
LID2015A,NC_000962.2,OFX,gyrA,*?,*,GENE,CDS,SNP,,,,,U
LID2015A,NC_000962.2,OFX,gyrA,-*?,*,GENE,PROM,SNP,,,,,U
LID2015A,NC_000962.2,OFX,gyrA,*_indel,*,GENE,CDS,INDEL,,,,,U
LID2015A,NC_000962.2,OFX,gyrA,-*_indel,*,GENE,PROM,INDEL,,,,,U
LID2015A,NC_000962.2,EMB,embB,*=,*,GENE,CDS,SNP,,,,,S
LID2015A,NC_000962.2,EMB,embB,*?,*,GENE,CDS,SNP,,,,,U
LID2015A,NC_000962.2,EMB,embB,-*?,*,GENE,PROM,SNP,,,,,U
LID2015A,NC_000962.2,EMB,embB,*_indel,*,GENE,CDS,INDEL,,,,,U
LID2015A,NC_000962.2,EMB,embB,-*_indel,*,GENE,PROM,INDEL,,,,,U
LID2015A,NC_000962.2,CAP,rrs,*?,*,RNA,RNA,SNP,,,,,U
LID2015A,NC_000962.2,CAP,rrs,-*?,*,RNA,PROM,SNP,,,,,U
LID2015A,NC_000962.2,CAP,rrs,*_indel,*,RNA,RNA,INDEL,,,,,U
LID2015A,NC_000962.2,CAP,rrs,-*_indel,*,RNA,PROM,INDEL,,,,,U
LID2015A,NC_000962.2,KAN,gidB,*=,*,GENE,CDS,SNP,,,,,S
LID2015A,NC_000962.2,KAN,gidB,*?,*,GENE,CDS,SNP,,,,,U
LID2015A,NC_000962.2,KAN,gidB,-*?,*,GENE,PROM,SNP,,,,,U
LID2015A,NC_000962.2,KAN,gidB,*_indel,*,GENE,CDS,INDEL,,,,,U
LID2015A,NC_000962.2,KAN,gidB,-*_indel,*,GENE,PROM,INDEL,,,,,U
LID2015A,NC_000962.2,CAP,gidB,*=,*,GENE,CDS,SNP,,,,,S
LID2015A,NC_000962.2,CAP,gidB,*?,*,GENE,CDS,SNP,,,,,U
LID2015A,NC_000962.2,CAP,gidB,-*?,*,GENE,PROM,SNP,,,,,U
LID2015A,NC_000962.2,CAP,gidB,*_indel,*,GENE,CDS,INDEL,,,,,U
LID2015A,NC_000962.2,CAP,gidB,-*_indel,*,GENE,PROM,INDEL,,,,,U
LID2015A,NC_000962.2,AMI,tlyA,*=,*,GENE,CDS,SNP,,,,,S
LID2015A,NC_000962.2,AMI,tlyA,*?,*,GENE,CDS,SNP,,,,,U
LID2015A,NC_000962.2,AMI,tlyA,-*?,*,GENE,PROM,SNP,,,,,U
LID2015A,NC_000962.2,AMI,tlyA,*_indel,*,GENE,CDS,INDEL,,,,,U
LID2015A,NC_000962.2,AMI,tlyA,-*_indel,*,GENE,PROM,INDEL,,,,,U
LID2015A,NC_000962.2,INH,ndh,*=,*,GENE,CDS,SNP,,,,,S
LID2015A,NC_000962.2,INH,ndh,*?,*,GENE,CDS,SNP,,,,,U
LID2015A,NC_000962.2,INH,ndh,-*?,*,GENE,PROM,SNP,,,,,U
LID2015A,NC_000962.2,INH,ndh,*_indel,*,GENE,CDS,INDEL,,,,,U
LID2015A,NC_000962.2,INH,ndh,-*_indel,*,GENE,PROM,INDEL,,,,,U
LID2015A,NC_000962.2,STM,gidB,*=,*,GENE,CDS,SNP,,,,,S
LID2015A,NC_000962.2,STM,gidB,*?,*,GENE,CDS,SNP,,,,,U
LID2015A,NC_000962.2,STM,gidB,-*?,*,GENE,PROM,SNP,,,,,U
LID2015A,NC_000962.2,STM,gidB,*_indel,*,GENE,CDS,INDEL,,,,,U
LID2015A,NC_000962.2,STM,gidB,-*_indel,*,GENE,PROM,INDEL,,,,,U
LID2015A,NC_000962.2,PZA,rpsA,*=,*,GENE,CDS,SNP,,,,,S
LID2015A,NC_000962.2,PZA,rpsA,*?,*,GENE,CDS,SNP,,,,,U
LID2015A,NC_000962.2,PZA,rpsA,-*?,*,GENE,PROM,SNP,,,,,U
LID2015A,NC_000962.2,PZA,rpsA,*_indel,*,GENE,CDS,INDEL,,,,,U
LID2015A,NC_000962.2,PZA,rpsA,-*_indel,*,GENE,PROM,INDEL,,,,,U
LID2015A,NC_000962.2,CAP,tlyA,*=,*,GENE,CDS,SNP,,,,,S
LID2015A,NC_000962.2,CAP,tlyA,*?,*,GENE,CDS,SNP,,,,,U
LID2015A,NC_000962.2,CAP,tlyA,-*?,*,GENE,PROM,SNP,,,,,U
LID2015A,NC_000962.2,CAP,tlyA,*_indel,*,GENE,CDS,INDEL,,,,,U
LID2015A,NC_000962.2,CAP,tlyA,-*_indel,*,GENE,PROM,INDEL,,,,,U
LID2015A,NC_000962.2,KAN,tlyA,*=,*,GENE,CDS,SNP,,,,,S
LID2015A,NC_000962.2,KAN,tlyA,*?,*,GENE,CDS,SNP,,,,,U
LID2015A,NC_000962.2,KAN,tlyA,-*?,*,GENE,PROM,SNP,,,,,U
LID2015A,NC_000962.2,KAN,tlyA,*_indel,*,GENE,CDS,INDEL,,,,,U
LID2015A,NC_000962.2,KAN,tlyA,-*_indel,*,GENE,PROM,INDEL,,,,,U
LID2015A,NC_000962.2,STM,rrs,*?,*,RNA,RNA,SNP,,,,,U
LID2015A,NC_000962.2,STM,rrs,-*?,*,RNA,PROM,SNP,,,,,U
LID2015A,NC_000962.2,STM,rrs,*_indel,*,RNA,RNA,INDEL,,,,,U
LID2015A,NC_000962.2,STM,rrs,-*_indel,*,RNA,PROM,INDEL,,,,,U
LID2015A,NC_000962.2,EMB,embA,*=,*,GENE,CDS,SNP,,,,,S
LID2015A,NC_000962.2,EMB,embA,*?,*,GENE,CDS,SNP,,,,,U
LID2015A,NC_000962.2,EMB,embA,-*?,*,GENE,PROM,SNP,,,,,U
LID2015A,NC_000962.2,EMB,embA,*_indel,*,GENE,CDS,INDEL,,,,,U
LID2015A,NC_000962.2,EMB,embA,-*_indel,*,GENE,PROM,INDEL,,,,,U
LID2015A,NC_000962.2,STM,tlyA,*=,*,GENE,CDS,SNP,,,,,S
LID2015A,NC_000962.2,STM,tlyA,*?,*,GENE,CDS,SNP,,,,,U
LID2015A,NC_000962.2,STM,tlyA,-*?,*,GENE,PROM,SNP,,,,,U
LID2015A,NC_000962.2,STM,tlyA,*_indel,*,GENE,CDS,INDEL,,,,,U
LID2015A,NC_000962.2,STM,tlyA,-*_indel,*,GENE,PROM,INDEL,,,,,U
LID2015A,NC_000962.2,AMI,rrs,*?,*,RNA,RNA,SNP,,,,,U
LID2015A,NC_000962.2,AMI,rrs,-*?,*,RNA,PROM,SNP,,,,,U
LID2015A,NC_000962.2,AMI,rrs,*_indel,*,RNA,RNA,INDEL,,,,,U
LID2015A,NC_000962.2,AMI,rrs,-*_indel,*,RNA,PROM,INDEL,,,,,U
LID2015A,NC_000962.2,OFX,gyrB,*=,*,GENE,CDS,SNP,,,,,S
LID2015A,NC_000962.2,OFX,gyrB,*?,*,GENE,CDS,SNP,,,,,U
LID2015A,NC_000962.2,OFX,gyrB,-*?,*,GENE,PROM,SNP,,,,,U
LID2015A,NC_000962.2,OFX,gyrB,*_indel,*,GENE,CDS,INDEL,,,,,U
LID2015A,NC_000962.2,OFX,gyrB,-*_indel,*,GENE,PROM,INDEL,,,,,U
LID2015A,NC_000962.2,PZA,pncA,*=,*,GENE,CDS,SNP,,,,,S
LID2015A,NC_000962.2,PZA,pncA,*?,*,GENE,CDS,SNP,,,,,U
LID2015A,NC_000962.2,PZA,pncA,-*?,*,GENE,PROM,SNP,,,,,U
LID2015A,NC_000962.2,PZA,pncA,*_indel,*,GENE,CDS,INDEL,,,,,U
LID2015A,NC_000962.2,PZA,pncA,-*_indel,*,GENE,PROM,INDEL,,,,,U
LID2015A,NC_000962.2,INH,inhA,*=,*,GENE,CDS,SNP,,,,,S
LID2015A,NC_000962.2,INH,inhA,*?,*,GENE,CDS,SNP,,,,,U
LID2015A,NC_000962.2,INH,inhA,-*?,*,GENE,PROM,SNP,,,,,U
LID2015A,NC_000962.2,INH,inhA,*_indel,*,GENE,CDS,INDEL,,,,,U
LID2015A,NC_000962.2,INH,inhA,-*_indel,*,GENE,PROM,INDEL,,,,,U
LID2015A,NC_000962.2,EMB,rmlD,*=,*,GENE,CDS,SNP,,,,,S
LID2015A,NC_000962.2,EMB,rmlD,*?,*,GENE,CDS,SNP,,,,,U
LID2015A,NC_000962.2,EMB,rmlD,-*?,*,GENE,PROM,SNP,,,,,U
LID2015A,NC_000962.2,EMB,rmlD,*_indel,*,GENE,CDS,INDEL,,,,,U
LID2015A,NC_000962.2,EMB,rmlD,-*_indel,*,GENE,PROM,INDEL,,,,,U
LID2015A,NC_000962.2,AMI,gidB,*=,*,GENE,CDS,SNP,,,,,S
LID2015A,NC_000962.2,AMI,gidB,*?,*,GENE,CDS,SNP,,,,,U
LID2015A,NC_000962.2,AMI,gidB,-*?,*,GENE,PROM,SNP,,,,,U
LID2015A,NC_000962.2,AMI,gidB,*_indel,*,GENE,CDS,INDEL,,,,,U
LID2015A,NC_000962.2,AMI,gidB,-*_indel,*,GENE,PROM,INDEL,,,,,U
LID2015A,NC_000962.2,MXF,gyrA,*=,*,GENE,CDS,SNP,,,,,S
LID2015A,NC_000962.2,MXF,gyrA,*?,*,GENE,CDS,SNP,,,,,U
LID2015A,NC_000962.2,MXF,gyrA,-*?,*,GENE,PROM,SNP,,,,,U
LID2015A,NC_000962.2,MXF,gyrA,*_indel,*,GENE,CDS,INDEL,,,,,U
LID2015A,NC_000962.2,MXF,gyrA,-*_indel,*,GENE,PROM,INDEL,,,,,U
LID2015A,NC_000962.2,KAN,rrs,*?,*,RNA,RNA,SNP,,,,,U
LID2015A,NC_000962.2,KAN,rrs,-*?,*,RNA,PROM,SNP,,,,,U
LID2015A,NC_000962.2,KAN,rrs,*_indel,*,RNA,RNA,INDEL,,,,,U
LID2015A,NC_000962.2,KAN,rrs,-*_indel,*,RNA,PROM,INDEL,,,,,U
LID2015A,NC_000962.2,INH,fabG1,*=,*,GENE,CDS,SNP,,,,,S
LID2015A,NC_000962.2,INH,fabG1,*?,*,GENE,CDS,SNP,,,,,U
LID2015A,NC_000962.2,INH,fabG1,-*?,*,GENE,PROM,SNP,,,,,U
LID2015A,NC_000962.2,INH,fabG1,*_indel,*,GENE,CDS,INDEL,,,,,U
LID2015A,NC_000962.2,INH,fabG1,-*_indel,*,GENE,PROM,INDEL,,,,,U
LID2015A,NC_000962.2,INH,katG,*=,*,GENE,CDS,SNP,,,,,S
LID2015A,NC_000962.2,INH,katG,*?,*,GENE,CDS,SNP,,,,,U
LID2015A,NC_000962.2,INH,katG,-*?,*,GENE,PROM,SNP,,,,,U
LID2015A,NC_000962.2,INH,katG,*_indel,*,GENE,CDS,INDEL,,,,,U
LID2015A,NC_000962.2,INH,katG,-*_indel,*,GENE,PROM,INDEL,,,,,U
LID2015A,NC_000962.2,EMB,manB,*=,*,GENE,CDS,SNP,,,,,S
LID2015A,NC_000962.2,EMB,manB,*?,*,GENE,CDS,SNP,,,,,U
LID2015A,NC_000962.2,EMB,manB,-*?,*,GENE,PROM,SNP,,,,,U
LID2015A,NC_000962.2,EMB,manB,*_indel,*,GENE,CDS,INDEL,,,,,U
LID2015A,NC_000962.2,EMB,manB,-*_indel,*,GENE,PROM,INDEL,,,,,U
LID2015A,NC_000962.2,CIP,gyrB,*=,*,GENE,CDS,SNP,,,,,S
LID2015A,NC_000962.2,CIP,gyrB,*?,*,GENE,CDS,SNP,,,,,U
LID2015A,NC_000962.2,CIP,gyrB,-*?,*,GENE,PROM,SNP,,,,,U
LID2015A,NC_000962.2,CIP,gyrB,*_indel,*,GENE,CDS,INDEL,,,,,U
LID2015A,NC_000962.2,CIP,gyrB,-*_indel,*,GENE,PROM,INDEL,,,,,U
LID2015A,NC_000962.2,MXF,gyrB,*=,*,GENE,CDS,SNP,,,,,S
LID2015A,NC_000962.2,MXF,gyrB,*?,*,GENE,CDS,SNP,,,,,U
LID2015A,NC_000962.2,MXF,gyrB,-*?,*,GENE,PROM,SNP,,,,,U
LID2015A,NC_000962.2,MXF,gyrB,*_indel,*,GENE,CDS,INDEL,,,,,U
LID2015A,NC_000962.2,MXF,gyrB,-*_indel,*,GENE,PROM,INDEL,,,,,U
LID2015A,NC_000962.2,EMB,iniC,*=,*,GENE,CDS,SNP,,,,,S
LID2015A,NC_000962.2,EMB,iniC,*?,*,GENE,CDS,SNP,,,,,U
LID2015A,NC_000962.2,EMB,iniC,-*?,*,GENE,PROM,SNP,,,,,U
LID2015A,NC_000962.2,EMB,iniC,*_indel,*,GENE,CDS,INDEL,,,,,U
LID2015A,NC_000962.2,EMB,iniC,-*_indel,*,GENE,PROM,INDEL,,,,,U
LID2015A,NC_000962.2,KAN,eis,*=,*,GENE,CDS,SNP,,,,,S
LID2015A,NC_000962.2,KAN,eis,*?,*,GENE,CDS,SNP,,,,,U
LID2015A,NC_000962.2,KAN,eis,-*?,*,GENE,PROM,SNP,,,,,U
LID2015A,NC_000962.2,KAN,eis,*_indel,*,GENE,CDS,INDEL,,,,,U
LID2015A,NC_000962.2,KAN,eis,-*_indel,*,GENE,PROM,INDEL,,,,,U
